Date,Sentiment
2015-08-07,0.165
2015-08-08,-0.211
2015-08-09,0.29
2015-08-10,0.343
2015-08-11,-0.466
2015-08-12,-0.285
2015-08-13,0.116
2015-08-14,-0.009
2015-08-15,0.075
2015-08-16,-0.159
2015-08-17,0.326
2015-08-18,0.298
2015-08-19,0.098
2015-08-20,0.396
2015-08-21,0.211
2015-08-22,-0.161
2015-08-23,0.183
2015-08-24,-0.188
2015-08-25,0.326
2015-08-26,0.066
2015-08-27,0.028
2015-08-28,-0.111
2015-08-29,0.422
2015-08-30,0.037
2015-08-31,-0.04
2015-09-01,-0.019
2015-09-02,0.229
2015-09-03,0.182
2015-09-04,0.196
2015-09-05,0.201
2015-09-06,0.68
2015-09-07,-0.034
2015-09-08,-0.063
2015-09-09,-0.148
2015-09-10,0.252
2015-09-11,0.396
2015-09-12,0.048
2015-09-13,-0.155
2015-09-14,-0.151
2015-09-15,0.262
2015-09-16,0.288
2015-09-17,0.232
2015-09-18,-0.106
2015-09-19,0.145
2015-09-20,0.113
2015-09-21,0.141
2015-09-22,0.324
2015-09-23,0.143
2015-09-24,0.27
2015-09-25,0.099
2015-09-26,0.161
2015-09-27,0.257
2015-09-28,-0.328
2015-09-29,-0.01
2015-09-30,-0.052
2015-10-01,-0.099
2015-10-02,0.003
2015-10-03,0.499
2015-10-04,-0.162
2015-10-05,0.351
2015-10-06,-0.391
2015-10-07,-0.014
2015-10-08,0.126
2015-10-09,0.244
2015-10-10,0.279
2015-10-11,0.302
2015-10-12,-0.018
2015-10-13,-0.049
2015-10-14,0.32
2015-10-15,0.026
2015-10-16,-0.277
2015-10-17,-0.237
2015-10-18,-0.177
2015-10-19,0.219
2015-10-20,0.12
2015-10-21,0.273
2015-10-22,-0.04
2015-10-23,0.124
2015-10-24,0.255
2015-10-25,-0.007
2015-10-26,0.208
2015-10-27,-0.105
2015-10-28,-0.022
2015-10-29,-0.027
2015-10-30,-0.255
2015-10-31,0.216
2015-11-01,-0.051
2015-11-02,0.083
2015-11-03,0.215
2015-11-04,0.205
2015-11-05,0.266
2015-11-06,0.052
2015-11-07,-0.039
2015-11-08,0.058
2015-11-09,-0.392
2015-11-10,-0.325
2015-11-11,-0.29
2015-11-12,-0.199
2015-11-13,0.192
2015-11-14,-0.174
2015-11-15,-0.026
2015-11-16,0.444
2015-11-17,-0.02
2015-11-18,0.287
2015-11-19,-0.181
2015-11-20,0.022
2015-11-21,-0.186
2015-11-22,-0.015
2015-11-23,0.315
2015-11-24,-0.404
2015-11-25,0.202
2015-11-26,0.147
2015-11-27,-0.086
2015-11-28,-0.325
2015-11-29,0.1
2015-11-30,-0.068
2015-12-01,0.145
2015-12-02,0.086
2015-12-03,0.528
2015-12-04,0.013
2015-12-05,-0.207
2015-12-06,0.13
2015-12-07,0.142
2015-12-08,0.461
2015-12-09,0.314
2015-12-10,0.18
2015-12-11,0.49
2015-12-12,-0.253
2015-12-13,-0.099
2015-12-14,-0.179
2015-12-15,-0.029
2015-12-16,-0.305
2015-12-17,0.258
2015-12-18,0.018
2015-12-19,-0.332
2015-12-20,-0.204
2015-12-21,0.168
2015-12-22,0.315
2015-12-23,0.639
2015-12-24,0.896
2015-12-25,0.196
2015-12-26,-0.197
2015-12-27,-0.517
2015-12-28,0.155
2015-12-29,-0.148
2015-12-30,-0.036
2015-12-31,-0.091
2016-01-01,0.041
2016-01-02,0.378
2016-01-03,0.124
2016-01-04,0.036
2016-01-05,-0.21
2016-01-06,-0.389
2016-01-07,-0.056
2016-01-08,0.065
2016-01-09,0.575
2016-01-10,0.116
2016-01-11,0.355
2016-01-12,-0.06
2016-01-13,-0.252
2016-01-14,-0.19
2016-01-15,-0.123
2016-01-16,0.676
2016-01-17,-0.15
2016-01-18,0.315
2016-01-19,-0.173
2016-01-20,0.341
2016-01-21,0.188
2016-01-22,0.036
2016-01-23,0.069
2016-01-24,-0.103
2016-01-25,0.205
2016-01-26,-0.047
2016-01-27,-0.263
2016-01-28,-0.278
2016-01-29,0.128
2016-01-30,0.522
2016-01-31,0.125
2016-02-01,0.047
2016-02-02,0.16
2016-02-03,0.446
2016-02-04,0.141
2016-02-05,-0.035
2016-02-06,0.39
2016-02-07,0.2
2016-02-08,0.51
2016-02-09,0.131
2016-02-10,-0.263
2016-02-11,-0.303
2016-02-12,0.542
2016-02-13,0.563
2016-02-14,0.03
2016-02-15,-0.027
2016-02-16,0.489
2016-02-17,-0.23
2016-02-18,-0.171
2016-02-19,0.26
2016-02-20,-0.03
2016-02-21,0.079
2016-02-22,0.034
2016-02-23,0.175
2016-02-24,0.474
2016-02-25,0.105
2016-02-26,0.26
2016-02-27,-0.494
2016-02-28,0.066
2016-02-29,-0.156
2016-03-01,-0.261
2016-03-02,-0.166
2016-03-03,-0.014
2016-03-04,0.336
2016-03-05,-0.291
2016-03-06,0.089
2016-03-07,-0.056
2016-03-08,-0.012
2016-03-09,0.361
2016-03-10,0.231
2016-03-11,0.454
2016-03-12,0.037
2016-03-13,-0.115
2016-03-14,0.017
2016-03-15,0.148
2016-03-16,0.129
2016-03-17,-0.224
2016-03-18,0.105
2016-03-19,0.144
2016-03-20,0.785
2016-03-21,0.606
2016-03-22,-0.159
2016-03-23,-0.0
2016-03-24,-0.33
2016-03-25,-0.085
2016-03-26,0.168
2016-03-27,0.418
2016-03-28,-0.124
2016-03-29,-0.103
2016-03-30,-0.521
2016-03-31,0.034
2016-04-01,-0.217
2016-04-02,-0.068
2016-04-03,-0.166
2016-04-04,0.054
2016-04-05,-0.412
2016-04-06,-0.331
2016-04-07,0.676
2016-04-08,-0.28
2016-04-09,-0.227
2016-04-10,0.594
2016-04-11,0.893
2016-04-12,-0.248
2016-04-13,-0.023
2016-04-14,0.176
2016-04-15,0.564
2016-04-16,-0.196
2016-04-17,0.011
2016-04-18,0.298
2016-04-19,0.202
2016-04-20,-0.025
2016-04-21,0.043
2016-04-22,-0.305
2016-04-23,0.013
2016-04-24,0.005
2016-04-25,0.145
2016-04-26,-0.075
2016-04-27,0.212
2016-04-28,0.364
2016-04-29,0.124
2016-04-30,0.178
2016-05-01,0.095
2016-05-02,0.08
2016-05-03,-0.122
2016-05-04,0.169
2016-05-05,0.053
2016-05-06,0.666
2016-05-07,0.521
2016-05-08,0.188
2016-05-09,-0.134
2016-05-10,-0.231
2016-05-11,0.414
2016-05-12,0.154
2016-05-13,0.214
2016-05-14,-0.408
2016-05-15,0.34
2016-05-16,0.207
2016-05-17,-0.231
2016-05-18,-0.052
2016-05-19,0.154
2016-05-20,0.095
2016-05-21,-0.002
2016-05-22,0.051
2016-05-23,0.009
2016-05-24,0.123
2016-05-25,0.492
2016-05-26,-0.639
2016-05-27,0.014
2016-05-28,0.129
2016-05-29,0.163
2016-05-30,-0.024
2016-05-31,-0.412
2016-06-01,0.172
2016-06-02,0.564
2016-06-03,-0.349
2016-06-04,0.322
2016-06-05,-0.012
2016-06-06,0.063
2016-06-07,-0.215
2016-06-08,-0.014
2016-06-09,0.444
2016-06-10,0.243
2016-06-11,0.565
2016-06-12,0.41
2016-06-13,0.203
2016-06-14,0.568
2016-06-15,0.203
2016-06-16,0.312
2016-06-17,-0.003
2016-06-18,0.099
2016-06-19,-0.115
2016-06-20,0.357
2016-06-21,-0.25
2016-06-22,0.299
2016-06-23,0.027
2016-06-24,0.408
2016-06-25,0.29
2016-06-26,0.59
2016-06-27,0.285
2016-06-28,-0.36
2016-06-29,0.061
2016-06-30,-0.248
2016-07-01,-0.065
2016-07-02,0.503
2016-07-03,0.259
2016-07-04,-0.116
2016-07-05,-0.204
2016-07-06,0.089
2016-07-07,-0.261
2016-07-08,-0.108
2016-07-09,0.167
2016-07-10,0.403
2016-07-11,0.25
2016-07-12,-0.562
2016-07-13,0.165
2016-07-14,0.1
2016-07-15,0.196
2016-07-16,0.533
2016-07-17,-0.498
2016-07-18,-0.086
2016-07-19,0.245
2016-07-20,-0.363
2016-07-21,0.493
2016-07-22,0.183
2016-07-23,0.317
2016-07-24,-0.08
2016-07-25,0.308
2016-07-26,0.379
2016-07-27,0.145
2016-07-28,0.146
2016-07-29,0.156
2016-07-30,-0.162
2016-07-31,0.039
2016-08-01,0.037
2016-08-02,0.187
2016-08-03,0.36
2016-08-04,-0.216
2016-08-05,0.045
2016-08-06,0.495
2016-08-07,-0.128
2016-08-08,-0.15
2016-08-09,0.137
2016-08-10,0.316
2016-08-11,0.083
2016-08-12,0.452
2016-08-13,0.32
2016-08-14,0.316
2016-08-15,0.235
2016-08-16,0.732
2016-08-17,0.023
2016-08-18,-0.481
2016-08-19,0.529
2016-08-20,-0.048
2016-08-21,0.11
2016-08-22,0.447
2016-08-23,-0.369
2016-08-24,-0.27
2016-08-25,-0.368
2016-08-26,-0.142
2016-08-27,0.203
2016-08-28,0.227
2016-08-29,0.157
2016-08-30,-0.316
2016-08-31,-0.567
2016-09-01,0.095
2016-09-02,-0.052
2016-09-03,0.209
2016-09-04,0.277
2016-09-05,0.119
2016-09-06,0.293
2016-09-07,0.144
2016-09-08,0.228
2016-09-09,-0.117
2016-09-10,0.03
2016-09-11,0.135
2016-09-12,0.31
2016-09-13,-0.03
2016-09-14,0.226
2016-09-15,0.006
2016-09-16,0.047
2016-09-17,0.312
2016-09-18,-0.478
2016-09-19,-0.283
2016-09-20,-0.335
2016-09-21,-0.573
2016-09-22,-0.11
2016-09-23,0.29
2016-09-24,0.0
2016-09-25,0.135
2016-09-26,0.385
2016-09-27,0.452
2016-09-28,0.061
2016-09-29,0.459
2016-09-30,0.106
2016-10-01,-0.154
2016-10-02,-0.086
2016-10-03,-0.335
2016-10-04,-0.169
2016-10-05,-0.02
2016-10-06,0.305
2016-10-07,0.562
2016-10-08,-0.307
2016-10-09,0.19
2016-10-10,-0.211
2016-10-11,0.213
2016-10-12,0.043
2016-10-13,-0.433
2016-10-14,0.34
2016-10-15,-0.089
2016-10-16,-0.069
2016-10-17,-0.22
2016-10-18,-0.103
2016-10-19,0.2
2016-10-20,0.027
2016-10-21,0.172
2016-10-22,0.181
2016-10-23,0.45
2016-10-24,-0.016
2016-10-25,-0.334
2016-10-26,0.379
2016-10-27,-0.013
2016-10-28,0.392
2016-10-29,0.187
2016-10-30,0.043
2016-10-31,0.178
2016-11-01,0.626
2016-11-02,0.662
2016-11-03,0.099
2016-11-04,0.125
2016-11-05,0.381
2016-11-06,-0.157
2016-11-07,0.173
2016-11-08,0.073
2016-11-09,0.168
2016-11-10,-0.153
2016-11-11,-0.365
2016-11-12,-0.5
2016-11-13,-0.233
2016-11-14,-0.048
2016-11-15,-0.002
2016-11-16,0.622
2016-11-17,0.39
2016-11-18,-0.189
2016-11-19,0.177
2016-11-20,-0.034
2016-11-21,0.0
2016-11-22,0.132
2016-11-23,0.253
2016-11-24,-0.015
2016-11-25,0.378
2016-11-26,-0.24
2016-11-27,0.082
2016-11-28,0.807
2016-11-29,0.142
2016-11-30,0.481
2016-12-01,0.106
2016-12-02,0.243
2016-12-03,0.064
2016-12-04,0.032
2016-12-05,-0.138
2016-12-06,0.2
2016-12-07,-0.158
2016-12-08,0.266
2016-12-09,0.384
2016-12-10,0.183
2016-12-11,-0.0
2016-12-12,0.207
2016-12-13,-0.006
2016-12-14,0.342
2016-12-15,-0.433
2016-12-16,-0.014
2016-12-17,-0.477
2016-12-18,-0.339
2016-12-19,0.462
2016-12-20,0.331
2016-12-21,-0.121
2016-12-22,-0.341
2016-12-23,-0.75
2016-12-24,-0.072
2016-12-25,0.758
2016-12-26,0.202
2016-12-27,-0.077
2016-12-28,0.21
2016-12-29,-0.357
2016-12-30,-0.003
2016-12-31,0.108
2017-01-01,0.056
2017-01-02,0.301
2017-01-03,0.177
2017-01-04,0.267
2017-01-05,-0.113
2017-01-06,0.331
2017-01-07,0.536
2017-01-08,-0.192
2017-01-09,-0.169
2017-01-10,0.454
2017-01-11,0.026
2017-01-12,0.473
2017-01-13,-0.044
2017-01-14,0.487
2017-01-15,0.117
2017-01-16,0.152
2017-01-17,0.518
2017-01-18,-0.021
2017-01-19,-0.184
2017-01-20,-0.046
2017-01-21,0.207
2017-01-22,-0.358
2017-01-23,0.258
2017-01-24,-0.071
2017-01-25,0.401
2017-01-26,-0.59
2017-01-27,-0.14
2017-01-28,-0.392
2017-01-29,-0.151
2017-01-30,0.149
2017-01-31,0.03
2017-02-01,0.009
2017-02-02,0.035
2017-02-03,0.137
2017-02-04,-0.202
2017-02-05,0.278
2017-02-06,0.266
2017-02-07,0.188
2017-02-08,0.236
2017-02-09,0.163
2017-02-10,0.65
2017-02-11,0.056
2017-02-12,-0.006
2017-02-13,-0.131
2017-02-14,-0.209
2017-02-15,-0.268
2017-02-16,-0.169
2017-02-17,0.06
2017-02-18,0.174
2017-02-19,0.094
2017-02-20,-0.134
2017-02-21,0.332
2017-02-22,0.287
2017-02-23,0.035
2017-02-24,-0.103
2017-02-25,0.234
2017-02-26,0.133
2017-02-27,-0.325
2017-02-28,0.061
2017-03-01,0.153
2017-03-02,-0.172
2017-03-03,0.133
2017-03-04,-0.327
2017-03-05,0.454
2017-03-06,0.429
2017-03-07,0.009
2017-03-08,0.182
2017-03-09,-0.595
2017-03-10,-0.244
2017-03-11,-0.002
2017-03-12,-0.22
2017-03-13,0.28
2017-03-14,0.639
2017-03-15,-0.249
2017-03-16,-0.154
2017-03-17,0.146
2017-03-18,0.531
2017-03-19,-0.262
2017-03-20,0.15
2017-03-21,0.59
2017-03-22,-0.382
2017-03-23,-0.279
2017-03-24,-0.039
2017-03-25,-0.066
2017-03-26,0.308
2017-03-27,0.148
2017-03-28,-0.417
2017-03-29,0.224
2017-03-30,-0.082
2017-03-31,0.437
2017-04-01,-0.096
2017-04-02,-0.098
2017-04-03,0.232
2017-04-04,0.294
2017-04-05,0.205
2017-04-06,-0.392
2017-04-07,0.231
2017-04-08,-0.21
2017-04-09,0.146
2017-04-10,-0.319
2017-04-11,0.205
2017-04-12,-0.146
2017-04-13,-0.279
2017-04-14,0.28
2017-04-15,0.148
2017-04-16,-0.092
2017-04-17,0.486
2017-04-18,-0.043
2017-04-19,0.089
2017-04-20,0.155
2017-04-21,-0.094
2017-04-22,0.212
2017-04-23,-0.069
2017-04-24,-0.035
2017-04-25,0.462
2017-04-26,-0.211
2017-04-27,-0.596
2017-04-28,0.531
2017-04-29,0.794
2017-04-30,-0.033
2017-05-01,-0.462
2017-05-02,-0.007
2017-05-03,-0.0
2017-05-04,0.027
2017-05-05,-0.232
2017-05-06,0.242
2017-05-07,0.227
2017-05-08,-0.338
2017-05-09,0.276
2017-05-10,0.655
2017-05-11,0.128
2017-05-12,-0.014
2017-05-13,0.04
2017-05-14,0.252
2017-05-15,-0.405
2017-05-16,0.126
2017-05-17,-0.029
2017-05-18,0.597
2017-05-19,0.031
2017-05-20,0.547
2017-05-21,-0.229
2017-05-22,0.244
2017-05-23,0.169
2017-05-24,-0.163
2017-05-25,0.13
2017-05-26,0.42
2017-05-27,-0.011
2017-05-28,-0.394
2017-05-29,0.075
2017-05-30,-0.173
2017-05-31,-0.016
2017-06-01,0.057
2017-06-02,-0.398
2017-06-03,-0.372
2017-06-04,0.215
2017-06-05,-0.066
2017-06-06,-0.638
2017-06-07,0.3
2017-06-08,0.156
2017-06-09,-0.12
2017-06-10,-0.289
2017-06-11,0.314
2017-06-12,0.178
2017-06-13,0.747
2017-06-14,0.198
2017-06-15,0.189
2017-06-16,0.033
2017-06-17,0.309
2017-06-18,0.255
2017-06-19,0.43
2017-06-20,-0.066
2017-06-21,-0.042
2017-06-22,-0.054
2017-06-23,0.301
2017-06-24,0.5
2017-06-25,-0.048
2017-06-26,-0.039
2017-06-27,0.168
2017-06-28,0.011
2017-06-29,0.347
2017-06-30,-0.55
2017-07-01,-0.151
2017-07-02,-0.139
2017-07-03,-0.57
2017-07-04,-0.19
2017-07-05,-0.176
2017-07-06,0.024
2017-07-07,0.392
2017-07-08,0.011
2017-07-09,-0.209
2017-07-10,0.064
2017-07-11,0.374
2017-07-12,-0.193
2017-07-13,-0.175
2017-07-14,0.236
2017-07-15,0.018
2017-07-16,0.261
2017-07-17,0.076
2017-07-18,0.276
2017-07-19,-0.21
2017-07-20,0.077
2017-07-21,0.021
2017-07-22,-0.26
2017-07-23,-0.358
2017-07-24,0.272
2017-07-25,-0.018
2017-07-26,-0.206
2017-07-27,0.053
2017-07-28,0.396
2017-07-29,-0.559
2017-07-30,-0.339
2017-07-31,-0.178
2017-08-01,0.489
2017-08-02,0.159
2017-08-03,0.295
2017-08-04,-0.239
2017-08-05,-0.233
2017-08-06,0.205
2017-08-07,0.096
2017-08-08,0.234
2017-08-09,0.027
2017-08-10,0.158
2017-08-11,0.124
2017-08-12,0.298
2017-08-13,0.306
2017-08-14,-0.374
2017-08-15,-0.549
2017-08-16,0.36
2017-08-17,0.413
2017-08-18,-0.206
2017-08-19,-0.441
2017-08-20,0.108
2017-08-21,0.341
2017-08-22,0.583
2017-08-23,0.225
2017-08-24,-0.024
2017-08-25,-0.17
2017-08-26,0.083
2017-08-27,-0.004
2017-08-28,-0.204
2017-08-29,0.654
2017-08-30,0.58
2017-08-31,0.398
2017-09-01,-0.178
2017-09-02,0.319
2017-09-03,0.259
2017-09-04,0.204
2017-09-05,0.43
2017-09-06,0.258
2017-09-07,0.287
2017-09-08,0.258
2017-09-09,0.175
2017-09-10,-0.419
2017-09-11,0.103
2017-09-12,-0.076
2017-09-13,-0.278
2017-09-14,0.551
2017-09-15,0.564
2017-09-16,0.461
2017-09-17,0.151
2017-09-18,0.458
2017-09-19,0.083
2017-09-20,0.137
2017-09-21,-0.226
2017-09-22,0.191
2017-09-23,0.097
2017-09-24,-0.285
2017-09-25,0.066
2017-09-26,0.058
2017-09-27,0.583
2017-09-28,0.33
2017-09-29,0.083
2017-09-30,0.15
2017-10-01,0.092
2017-10-02,0.023
2017-10-03,-0.223
2017-10-04,0.038
2017-10-05,-0.129
2017-10-06,-0.27
2017-10-07,0.223
2017-10-08,0.19
2017-10-09,-0.42
2017-10-10,0.046
2017-10-11,0.359
2017-10-12,0.377
2017-10-13,0.367
2017-10-14,0.091
2017-10-15,-0.157
2017-10-16,-0.223
2017-10-17,0.176
2017-10-18,0.186
2017-10-19,0.44
2017-10-20,0.388
2017-10-21,0.043
2017-10-22,-0.268
2017-10-23,-0.009
2017-10-24,0.141
2017-10-25,0.023
2017-10-26,-0.082
2017-10-27,0.151
2017-10-28,-0.061
2017-10-29,-0.096
2017-10-30,0.167
2017-10-31,-0.033
2017-11-01,0.148
2017-11-02,0.156
2017-11-03,-0.239
2017-11-04,-0.055
2017-11-05,0.483
2017-11-06,-0.245
2017-11-07,-0.513
2017-11-08,-0.441
2017-11-09,0.088
2017-11-10,0.089
2017-11-11,0.047
2017-11-12,0.42
2017-11-13,-0.668
2017-11-14,0.191
2017-11-15,0.517
2017-11-16,-0.236
2017-11-17,-0.026
2017-11-18,-0.131
2017-11-19,-0.17
2017-11-20,-0.011
2017-11-21,0.48
2017-11-22,0.594
2017-11-23,-0.014
2017-11-24,0.613
2017-11-25,0.09
2017-11-26,0.571
2017-11-27,0.054
2017-11-28,0.117
2017-11-29,0.182
2017-11-30,0.97
2017-12-01,0.318
2017-12-02,-0.118
2017-12-03,0.351
2017-12-04,-0.021
2017-12-05,-0.057
2017-12-06,0.334
2017-12-07,0.089
2017-12-08,0.158
2017-12-09,0.084
2017-12-10,0.174
2017-12-11,0.199
2017-12-12,-0.462
2017-12-13,0.267
2017-12-14,-0.195
2017-12-15,-0.324
2017-12-16,0.064
2017-12-17,0.104
2017-12-18,-0.114
2017-12-19,0.313
2017-12-20,-0.296
2017-12-21,-0.034
2017-12-22,-0.084
2017-12-23,0.067
2017-12-24,0.158
2017-12-25,-0.202
2017-12-26,0.283
2017-12-27,0.098
2017-12-28,-0.45
2017-12-29,-0.468
2017-12-30,0.077
2017-12-31,0.018
2018-01-01,0.051
2018-01-02,0.072
2018-01-03,0.143
2018-01-04,0.345
2018-01-05,-0.231
2018-01-06,-0.248
2018-01-07,-0.226
2018-01-08,0.161
2018-01-09,0.429
2018-01-10,-0.041
2018-01-11,-0.62
2018-01-12,-0.397
2018-01-13,-0.153
2018-01-14,-0.076
2018-01-15,-0.034
2018-01-16,0.091
2018-01-17,-0.007
2018-01-18,0.374
2018-01-19,-0.109
2018-01-20,-0.161
2018-01-21,0.214
2018-01-22,-0.35
2018-01-23,0.189
2018-01-24,0.109
2018-01-25,0.039
2018-01-26,0.525
2018-01-27,-0.094
2018-01-28,0.657
2018-01-29,0.017
2018-01-30,-0.278
2018-01-31,0.1
2018-02-01,-0.221
2018-02-02,-0.13
2018-02-03,0.191
2018-02-04,0.236
2018-02-05,-0.094
2018-02-06,0.356
2018-02-07,0.404
2018-02-08,0.482
2018-02-09,0.228
2018-02-10,0.462
2018-02-11,-0.447
2018-02-12,-0.009
2018-02-13,-0.163
2018-02-14,0.113
2018-02-15,-0.08
2018-02-16,0.033
2018-02-17,0.607
2018-02-18,0.032
2018-02-19,0.196
2018-02-20,0.015
2018-02-21,0.101
2018-02-22,0.082
2018-02-23,0.206
2018-02-24,0.406
2018-02-25,0.541
2018-02-26,0.167
2018-02-27,0.245
2018-02-28,-0.242
2018-03-01,0.055
2018-03-02,0.343
2018-03-03,0.322
2018-03-04,0.139
2018-03-05,0.328
2018-03-06,0.217
2018-03-07,0.416
2018-03-08,0.161
2018-03-09,-0.02
2018-03-10,0.174
2018-03-11,-0.741
2018-03-12,0.187
2018-03-13,-0.942
2018-03-14,-0.403
2018-03-15,0.206
2018-03-16,0.214
2018-03-17,-0.245
2018-03-18,-0.119
2018-03-19,0.464
2018-03-20,-0.056
2018-03-21,0.708
2018-03-22,0.079
2018-03-23,0.194
2018-03-24,0.533
2018-03-25,0.117
2018-03-26,-0.201
2018-03-27,0.049
2018-03-28,0.07
2018-03-29,-0.302
2018-03-30,0.008
2018-03-31,-0.128
2018-04-01,0.339
2018-04-02,0.09
2018-04-03,0.001
2018-04-04,0.05
2018-04-05,0.142
2018-04-06,0.253
2018-04-07,-0.2
2018-04-08,-0.212
2018-04-09,0.389
2018-04-10,-0.035
2018-04-11,-0.317
2018-04-12,0.204
2018-04-13,0.21
2018-04-14,-0.349
2018-04-15,0.144
2018-04-16,0.286
2018-04-17,0.185
2018-04-18,0.257
2018-04-19,-0.313
2018-04-20,0.173
2018-04-21,-0.005
2018-04-22,-0.055
2018-04-23,0.324
2018-04-24,0.494
2018-04-25,0.582
2018-04-26,0.448
2018-04-27,0.049
2018-04-28,0.179
2018-04-29,0.295
2018-04-30,0.114
2018-05-01,0.117
2018-05-02,0.311
2018-05-03,0.063
2018-05-04,-0.124
2018-05-05,-0.036
2018-05-06,0.257
2018-05-07,0.081
2018-05-08,0.175
2018-05-09,0.268
2018-05-10,-0.025
2018-05-11,0.292
2018-05-12,0.186
2018-05-13,-0.266
2018-05-14,0.484
2018-05-15,-0.06
2018-05-16,-0.383
2018-05-17,-0.213
2018-05-18,-0.206
2018-05-19,0.095
2018-05-20,0.003
2018-05-21,-0.014
2018-05-22,0.254
2018-05-23,0.175
2018-05-24,0.168
2018-05-25,0.195
2018-05-26,0.253
2018-05-27,-0.51
2018-05-28,-0.022
2018-05-29,-0.53
2018-05-30,0.09
2018-05-31,0.079
2018-06-01,0.373
2018-06-02,0.413
2018-06-03,0.137
2018-06-04,-0.06
2018-06-05,0.216
2018-06-06,-0.068
2018-06-07,0.08
2018-06-08,0.356
2018-06-09,-0.076
2018-06-10,0.306
2018-06-11,0.27
2018-06-12,-0.187
2018-06-13,0.353
2018-06-14,0.276
2018-06-15,0.109
2018-06-16,-0.133
2018-06-17,-0.161
2018-06-18,-0.071
2018-06-19,0.232
2018-06-20,-0.188
2018-06-21,0.203
2018-06-22,-0.268
2018-06-23,0.023
2018-06-24,0.111
2018-06-25,0.765
2018-06-26,-0.306
2018-06-27,0.492
2018-06-28,0.122
2018-06-29,0.195
2018-06-30,0.113
2018-07-01,0.205
2018-07-02,0.037
2018-07-03,0.487
2018-07-04,-0.048
2018-07-05,0.397
2018-07-06,-0.1
2018-07-07,0.063
2018-07-08,-0.22
2018-07-09,0.207
2018-07-10,0.485
2018-07-11,0.058
2018-07-12,0.025
2018-07-13,-0.232
2018-07-14,0.016
2018-07-15,-0.366
2018-07-16,-0.176
2018-07-17,0.144
2018-07-18,0.449
2018-07-19,0.867
2018-07-20,-0.084
2018-07-21,0.482
2018-07-22,0.148
2018-07-23,0.038
2018-07-24,0.201
2018-07-25,0.097
2018-07-26,0.111
2018-07-27,-0.034
2018-07-28,-0.311
2018-07-29,-0.352
2018-07-30,0.263
2018-07-31,0.003
2018-08-01,-0.087
2018-08-02,0.082
2018-08-03,0.303
2018-08-04,0.131
2018-08-05,-0.104
2018-08-06,0.423
2018-08-07,0.522
2018-08-08,0.218
2018-08-09,0.353
2018-08-10,0.428
2018-08-11,0.396
2018-08-12,0.252
2018-08-13,0.248
2018-08-14,0.226
2018-08-15,-0.227
2018-08-16,0.276
2018-08-17,-0.3
2018-08-18,-0.142
2018-08-19,0.445
2018-08-20,0.315
2018-08-21,0.496
2018-08-22,0.004
2018-08-23,-0.243
2018-08-24,0.013
2018-08-25,0.109
2018-08-26,0.102
2018-08-27,0.397
2018-08-28,-0.021
2018-08-29,0.179
2018-08-30,-0.197
2018-08-31,0.206
2018-09-01,0.081
2018-09-02,-0.13
2018-09-03,0.014
2018-09-04,0.028
2018-09-05,0.004
2018-09-06,0.576
2018-09-07,0.052
2018-09-08,0.012
2018-09-09,-0.507
2018-09-10,-0.17
2018-09-11,0.006
2018-09-12,-0.112
2018-09-13,0.467
2018-09-14,0.034
2018-09-15,0.441
2018-09-16,0.097
2018-09-17,0.09
2018-09-18,0.055
2018-09-19,0.081
2018-09-20,0.561
2018-09-21,-0.569
2018-09-22,-0.48
2018-09-23,-0.072
2018-09-24,0.084
2018-09-25,0.273
2018-09-26,0.212
2018-09-27,-0.028
2018-09-28,0.365
2018-09-29,0.368
2018-09-30,0.132
2018-10-01,0.35
2018-10-02,0.156
2018-10-03,-0.077
2018-10-04,0.275
2018-10-05,0.111
2018-10-06,0.08
2018-10-07,0.492
2018-10-08,-0.606
2018-10-09,-0.317
2018-10-10,-0.252
2018-10-11,-0.022
2018-10-12,0.009
2018-10-13,-0.342
2018-10-14,-0.196
2018-10-15,-0.161
2018-10-16,0.768
2018-10-17,0.584
2018-10-18,-0.035
2018-10-19,-0.022
2018-10-20,-0.242
2018-10-21,-0.454
2018-10-22,0.047
2018-10-23,-0.199
2018-10-24,0.056
2018-10-25,-0.368
2018-10-26,-0.133
2018-10-27,0.122
2018-10-28,0.183
2018-10-29,0.197
2018-10-30,-0.29
2018-10-31,0.319
2018-11-01,-0.144
2018-11-02,0.257
2018-11-03,0.077
2018-11-04,-0.305
2018-11-05,-0.009
2018-11-06,0.182
2018-11-07,0.252
2018-11-08,0.041
2018-11-09,0.509
2018-11-10,0.362
2018-11-11,0.008
2018-11-12,0.29
2018-11-13,0.621
2018-11-14,0.629
2018-11-15,-0.264
2018-11-16,-0.179
2018-11-17,0.496
2018-11-18,-0.216
2018-11-19,-0.29
2018-11-20,-0.056
2018-11-21,0.198
2018-11-22,0.051
2018-11-23,-0.102
2018-11-24,-0.109
2018-11-25,-0.119
2018-11-26,-0.166
2018-11-27,0.719
2018-11-28,0.163
2018-11-29,0.328
2018-11-30,-0.057
2018-12-01,0.028
2018-12-02,-0.12
2018-12-03,-0.662
2018-12-04,-0.306
2018-12-05,-0.427
2018-12-06,-0.55
2018-12-07,-0.255
2018-12-08,0.451
2018-12-09,0.068
2018-12-10,0.441
2018-12-11,0.195
2018-12-12,0.299
2018-12-13,-0.172
2018-12-14,0.227
2018-12-15,0.284
2018-12-16,-0.081
2018-12-17,0.237
2018-12-18,0.239
2018-12-19,-0.074
2018-12-20,-0.234
2018-12-21,-0.252
2018-12-22,0.104
2018-12-23,0.172
2018-12-24,-0.142
2018-12-25,0.087
2018-12-26,0.24
2018-12-27,0.253
2018-12-28,0.515
2018-12-29,0.438
2018-12-30,-0.2
2018-12-31,0.551
2019-01-01,-0.069
2019-01-02,0.373
2019-01-03,0.099
2019-01-04,-0.035
2019-01-05,-0.426
2019-01-06,0.032
2019-01-07,-0.357
2019-01-08,0.351
2019-01-09,0.505
2019-01-10,-0.143
2019-01-11,0.165
2019-01-12,-0.123
2019-01-13,-0.096
2019-01-14,0.297
2019-01-15,0.069
2019-01-16,0.567
2019-01-17,-0.055
2019-01-18,0.36
2019-01-19,0.107
2019-01-20,0.303
2019-01-21,-0.045
2019-01-22,0.066
2019-01-23,0.048
2019-01-24,-0.154
2019-01-25,0.265
2019-01-26,0.262
2019-01-27,0.246
2019-01-28,0.51
2019-01-29,0.486
2019-01-30,-0.025
2019-01-31,0.184
2019-02-01,-0.095
2019-02-02,0.087
2019-02-03,-0.088
2019-02-04,0.534
2019-02-05,0.182
2019-02-06,0.019
2019-02-07,0.414
2019-02-08,-0.528
2019-02-09,-0.484
2019-02-10,0.303
2019-02-11,0.097
2019-02-12,0.15
2019-02-13,-0.291
2019-02-14,0.073
2019-02-15,0.641
2019-02-16,0.311
2019-02-17,0.128
2019-02-18,-0.043
2019-02-19,-0.03
2019-02-20,-0.516
2019-02-21,0.152
2019-02-22,0.317
2019-02-23,-0.361
2019-02-24,-0.105
2019-02-25,-0.244
2019-02-26,-0.19
2019-02-27,0.095
2019-02-28,-0.504
2019-03-01,0.252
2019-03-02,0.291
2019-03-03,0.01
2019-03-04,-0.615
2019-03-05,-0.199
2019-03-06,0.425
2019-03-07,-0.698
2019-03-08,-0.017
2019-03-09,-0.25
2019-03-10,0.305
2019-03-11,-0.109
2019-03-12,0.193
2019-03-13,0.238
2019-03-14,0.594
2019-03-15,0.023
2019-03-16,0.185
2019-03-17,-0.336
2019-03-18,0.413
2019-03-19,-0.133
2019-03-20,-0.077
2019-03-21,0.074
2019-03-22,-0.358
2019-03-23,0.144
2019-03-24,0.351
2019-03-25,0.162
2019-03-26,-0.365
2019-03-27,0.045
2019-03-28,0.288
2019-03-29,-0.446
2019-03-30,-0.221
2019-03-31,0.325
2019-04-01,0.156
2019-04-02,0.195
2019-04-03,0.601
2019-04-04,0.211
2019-04-05,0.264
2019-04-06,0.839
2019-04-07,0.02
2019-04-08,-0.143
2019-04-09,0.2
2019-04-10,0.203
2019-04-11,-0.067
2019-04-12,-0.209
2019-04-13,0.727
2019-04-14,0.172
2019-04-15,-0.125
2019-04-16,0.336
2019-04-17,0.049
2019-04-18,0.009
2019-04-19,0.237
2019-04-20,-0.282
2019-04-21,0.179
2019-04-22,0.616
2019-04-23,0.211
2019-04-24,-0.025
2019-04-25,-0.062
2019-04-26,-0.035
2019-04-27,0.009
2019-04-28,-0.026
2019-04-29,0.337
2019-04-30,-0.405
2019-05-01,0.321
2019-05-02,-0.026
2019-05-03,0.186
2019-05-04,-0.236
2019-05-05,0.452
2019-05-06,0.429
2019-05-07,0.349
2019-05-08,-0.344
2019-05-09,0.312
2019-05-10,0.193
2019-05-11,-0.369
2019-05-12,0.073
2019-05-13,0.182
2019-05-14,0.236
2019-05-15,0.13
2019-05-16,0.162
2019-05-17,0.493
2019-05-18,0.423
2019-05-19,-0.723
2019-05-20,-0.009
2019-05-21,0.034
2019-05-22,-0.411
2019-05-23,0.106
2019-05-24,0.43
2019-05-25,-0.224
2019-05-26,0.174
2019-05-27,-0.176
2019-05-28,-0.108
2019-05-29,0.494
2019-05-30,-0.072
2019-05-31,0.209
2019-06-01,-0.444
2019-06-02,0.601
2019-06-03,0.249
2019-06-04,0.029
2019-06-05,0.241
2019-06-06,-0.315
2019-06-07,0.411
2019-06-08,-0.011
2019-06-09,0.023
2019-06-10,-0.058
2019-06-11,-0.083
2019-06-12,0.275
2019-06-13,0.152
2019-06-14,0.262
2019-06-15,0.078
2019-06-16,0.224
2019-06-17,-0.037
2019-06-18,0.704
2019-06-19,-0.359
2019-06-20,0.433
2019-06-21,0.463
2019-06-22,-0.159
2019-06-23,0.704
2019-06-24,0.359
2019-06-25,0.352
2019-06-26,0.088
2019-06-27,0.019
2019-06-28,0.021
2019-06-29,0.189
2019-06-30,0.472
2019-07-01,0.131
2019-07-02,-0.175
2019-07-03,0.311
2019-07-04,0.338
2019-07-05,0.263
2019-07-06,0.289
2019-07-07,0.004
2019-07-08,-0.18
2019-07-09,-0.163
2019-07-10,-0.378
2019-07-11,0.146
2019-07-12,0.057
2019-07-13,-0.043
2019-07-14,-0.748
2019-07-15,-0.269
2019-07-16,0.394
2019-07-17,-0.106
2019-07-18,0.181
2019-07-19,-0.309
2019-07-20,0.483
2019-07-21,0.04
2019-07-22,0.161
2019-07-23,0.731
2019-07-24,0.505
2019-07-25,-0.006
2019-07-26,-0.086
2019-07-27,-0.011
2019-07-28,0.223
2019-07-29,0.051
2019-07-30,-0.031
2019-07-31,0.491
2019-08-01,0.048
2019-08-02,0.724
2019-08-03,0.105
2019-08-04,0.58
2019-08-05,0.18
2019-08-06,0.35
2019-08-07,-0.123
2019-08-08,-0.159
2019-08-09,0.209
2019-08-10,0.357
2019-08-11,0.091
2019-08-12,-0.28
2019-08-13,-0.301
2019-08-14,-0.32
2019-08-15,-0.415
2019-08-16,0.111
2019-08-17,0.395
2019-08-18,0.076
2019-08-19,-0.553
2019-08-20,0.027
2019-08-21,0.034
2019-08-22,0.667
2019-08-23,-0.328
2019-08-24,-0.029
2019-08-25,0.558
2019-08-26,0.206
2019-08-27,0.238
2019-08-28,0.112
2019-08-29,0.172
2019-08-30,0.298
2019-08-31,-0.147
2019-09-01,0.326
2019-09-02,-0.304
2019-09-03,0.172
2019-09-04,0.13
2019-09-05,-0.093
2019-09-06,0.074
2019-09-07,-0.094
2019-09-08,-0.22
2019-09-09,-0.019
2019-09-10,-0.229
2019-09-11,0.17
2019-09-12,-0.242
2019-09-13,0.279
2019-09-14,-0.251
2019-09-15,-0.079
2019-09-16,-0.095
2019-09-17,0.451
2019-09-18,0.172
2019-09-19,0.021
2019-09-20,0.22
2019-09-21,-0.51
2019-09-22,0.068
2019-09-23,0.639
2019-09-24,0.117
2019-09-25,0.099
2019-09-26,0.233
2019-09-27,0.331
2019-09-28,-0.479
2019-09-29,-0.391
2019-09-30,0.139
2019-10-01,-0.12
2019-10-02,0.447
2019-10-03,-0.008
2019-10-04,-0.462
2019-10-05,-0.275
2019-10-06,-0.69
2019-10-07,0.014
2019-10-08,0.027
2019-10-09,-0.039
2019-10-10,0.382
2019-10-11,0.416
2019-10-12,0.032
2019-10-13,-0.518
2019-10-14,0.253
2019-10-15,0.236
2019-10-16,0.167
2019-10-17,0.355
2019-10-18,-0.246
2019-10-19,0.642
2019-10-20,-0.189
2019-10-21,0.29
2019-10-22,-0.392
2019-10-23,-0.18
2019-10-24,0.505
2019-10-25,0.007
2019-10-26,0.315
2019-10-27,0.146
2019-10-28,0.051
2019-10-29,0.462
2019-10-30,0.014
2019-10-31,-0.419
2019-11-01,-0.145
2019-11-02,0.234
2019-11-03,0.191
2019-11-04,-0.359
2019-11-05,-0.123
2019-11-06,-0.083
2019-11-07,-0.022
2019-11-08,-0.305
2019-11-09,-0.096
2019-11-10,-0.124
2019-11-11,0.296
2019-11-12,0.307
2019-11-13,0.039
2019-11-14,-0.03
2019-11-15,0.119
2019-11-16,-0.149
2019-11-17,-0.241
2019-11-18,-0.183
2019-11-19,-0.098
2019-11-20,-0.246
2019-11-21,0.125
2019-11-22,0.284
2019-11-23,-0.364
2019-11-24,0.087
2019-11-25,0.018
2019-11-26,0.176
2019-11-27,0.076
2019-11-28,-0.327
2019-11-29,-0.273
2019-11-30,0.088
2019-12-01,0.368
2019-12-02,-0.54
2019-12-03,0.177
2019-12-04,0.413
2019-12-05,0.037
2019-12-06,0.234
2019-12-07,-0.117
2019-12-08,0.047
2019-12-09,-0.374
2019-12-10,-0.576
2019-12-11,0.344
2019-12-12,-0.196
2019-12-13,-0.048
2019-12-14,-0.308
2019-12-15,-0.315
2019-12-16,0.031
2019-12-17,-0.124
2019-12-18,0.186
2019-12-19,0.207
2019-12-20,0.17
2019-12-21,0.147
2019-12-22,0.522
2019-12-23,-0.219
2019-12-24,0.065
2019-12-25,0.397
2019-12-26,0.434
2019-12-27,-0.318
2019-12-28,-0.007
2019-12-29,0.46
2019-12-30,0.222
2019-12-31,0.135
2020-01-01,0.019
2020-01-02,-0.027
2020-01-03,0.161
2020-01-04,0.009
2020-01-05,0.068
2020-01-06,0.102
2020-01-07,-0.11
2020-01-08,0.229
2020-01-09,0.896
2020-01-10,-0.418
2020-01-11,0.171
2020-01-12,-0.133
2020-01-13,0.242
2020-01-14,0.093
2020-01-15,0.293
2020-01-16,0.409
2020-01-17,0.134
2020-01-18,0.397
2020-01-19,-0.576
2020-01-20,0.525
2020-01-21,0.185
2020-01-22,0.382
2020-01-23,-0.262
2020-01-24,-0.153
2020-01-25,0.121
2020-01-26,0.075
2020-01-27,0.159
2020-01-28,0.384
2020-01-29,-0.414
2020-01-30,0.353
2020-01-31,0.082
2020-02-01,0.023
2020-02-02,-0.332
2020-02-03,0.221
2020-02-04,-0.596
2020-02-05,0.262
2020-02-06,-0.338
2020-02-07,0.095
2020-02-08,0.047
2020-02-09,0.407
2020-02-10,0.03
2020-02-11,-0.114
2020-02-12,-0.062
2020-02-13,0.436
2020-02-14,0.23
2020-02-15,-0.028
2020-02-16,0.014
2020-02-17,-0.359
2020-02-18,0.189
2020-02-19,-0.413
2020-02-20,0.291
2020-02-21,0.116
2020-02-22,0.748
2020-02-23,-0.228
2020-02-24,0.051
2020-02-25,0.584
2020-02-26,0.414
2020-02-27,-0.115
2020-02-28,0.143
2020-02-29,0.081
2020-03-01,0.159
2020-03-02,-0.116
2020-03-03,0.055
2020-03-04,-0.367
2020-03-05,0.118
2020-03-06,0.206
2020-03-07,0.016
2020-03-08,-0.372
2020-03-09,0.357
2020-03-10,0.182
2020-03-11,-0.123
2020-03-12,0.001
2020-03-13,-0.34
2020-03-14,-0.207
2020-03-15,-0.071
2020-03-16,0.424
2020-03-17,-0.099
2020-03-18,0.259
2020-03-19,-0.071
2020-03-20,0.149
2020-03-21,0.04
2020-03-22,0.324
2020-03-23,-0.07
2020-03-24,-0.36
2020-03-25,-0.307
2020-03-26,-0.069
2020-03-27,-0.27
2020-03-28,0.195
2020-03-29,-0.05
2020-03-30,0.745
2020-03-31,-0.407
2020-04-01,0.137
2020-04-02,-0.236
2020-04-03,-0.058
2020-04-04,0.12
2020-04-05,-0.571
2020-04-06,0.146
2020-04-07,0.613
2020-04-08,-0.047
2020-04-09,0.153
2020-04-10,0.367
2020-04-11,0.034
2020-04-12,-0.083
2020-04-13,-0.557
2020-04-14,0.259
2020-04-15,0.048
2020-04-16,-0.204
2020-04-17,0.115
2020-04-18,-0.083
2020-04-19,-0.068
2020-04-20,0.25
2020-04-21,-0.295
2020-04-22,0.373
2020-04-23,-0.311
2020-04-24,-0.106
2020-04-25,0.618
2020-04-26,0.396
2020-04-27,0.107
2020-04-28,-0.183
2020-04-29,-0.068
2020-04-30,0.101
2020-05-01,0.091
2020-05-02,0.055
2020-05-03,0.071
2020-05-04,0.02
2020-05-05,-0.324
2020-05-06,-0.065
2020-05-07,0.336
2020-05-08,-0.303
2020-05-09,0.027
2020-05-10,-0.15
2020-05-11,0.111
2020-05-12,-0.029
2020-05-13,0.494
2020-05-14,0.222
2020-05-15,-0.287
2020-05-16,0.268
2020-05-17,-0.137
2020-05-18,-0.082
2020-05-19,0.168
2020-05-20,-0.058
2020-05-21,0.33
2020-05-22,-0.137
2020-05-23,-0.093
2020-05-24,-0.104
2020-05-25,-0.078
2020-05-26,0.388
2020-05-27,0.256
2020-05-28,0.559
2020-05-29,0.715
2020-05-30,-0.209
2020-05-31,0.1
2020-06-01,-0.249
2020-06-02,-0.138
2020-06-03,-0.096
2020-06-04,-0.216
2020-06-05,-0.215
2020-06-06,0.04
2020-06-07,-0.261
2020-06-08,0.316
2020-06-09,-0.177
2020-06-10,0.867
2020-06-11,-0.046
2020-06-12,0.1
2020-06-13,-0.283
2020-06-14,0.558
2020-06-15,0.393
2020-06-16,0.163
2020-06-17,-0.297
2020-06-18,0.139
2020-06-19,-0.234
2020-06-20,0.489
2020-06-21,0.307
2020-06-22,0.107
2020-06-23,-0.602
2020-06-24,-0.195
2020-06-25,0.273
2020-06-26,0.42
2020-06-27,0.391
2020-06-28,-0.366
2020-06-29,0.164
2020-06-30,0.364
2020-07-01,-0.384
2020-07-02,0.078
2020-07-03,0.157
2020-07-04,-0.004
2020-07-05,-0.439
2020-07-06,-0.011
2020-07-07,-0.012
2020-07-08,0.039
2020-07-09,-0.078
2020-07-10,-0.044
2020-07-11,0.069
2020-07-12,0.204
2020-07-13,-0.005
2020-07-14,-0.035
2020-07-15,0.106
2020-07-16,-0.458
2020-07-17,0.214
2020-07-18,0.08
2020-07-19,0.091
2020-07-20,0.349
2020-07-21,-0.467
2020-07-22,-0.473
2020-07-23,0.157
2020-07-24,0.078
2020-07-25,0.128
2020-07-26,-0.049
2020-07-27,0.266
2020-07-28,0.341
2020-07-29,0.216
2020-07-30,0.007
2020-07-31,-0.51
2020-08-01,0.295
2020-08-02,0.422
2020-08-03,0.26
2020-08-04,-0.166
2020-08-05,0.269
2020-08-06,0.321
2020-08-07,0.516
2020-08-08,-0.165
2020-08-09,0.017
2020-08-10,0.289
2020-08-11,0.096
2020-08-12,-0.233
2020-08-13,0.196
2020-08-14,0.242
2020-08-15,0.105
2020-08-16,0.141
2020-08-17,0.008
2020-08-18,0.494
2020-08-19,-0.172
2020-08-20,-0.084
2020-08-21,0.083
2020-08-22,0.326
2020-08-23,-0.339
2020-08-24,-0.287
2020-08-25,-0.491
2020-08-26,0.089
2020-08-27,-0.233
2020-08-28,-0.028
2020-08-29,0.265
2020-08-30,-0.1
2020-08-31,0.145
2020-09-01,-0.004
2020-09-02,0.268
2020-09-03,0.213
2020-09-04,-0.114
2020-09-05,0.033
2020-09-06,0.372
2020-09-07,0.19
2020-09-08,-0.311
2020-09-09,0.264
2020-09-10,-0.224
2020-09-11,0.476
2020-09-12,0.367
2020-09-13,0.161
2020-09-14,0.124
2020-09-15,0.021
2020-09-16,0.27
2020-09-17,-0.024
2020-09-18,0.146
2020-09-19,0.324
2020-09-20,-0.077
2020-09-21,-0.093
2020-09-22,-0.254
2020-09-23,-0.218
2020-09-24,-0.432
2020-09-25,0.284
2020-09-26,0.586
2020-09-27,0.479
2020-09-28,-0.375
2020-09-29,0.283
2020-09-30,0.478
2020-10-01,-0.048
2020-10-02,0.108
2020-10-03,-0.482
2020-10-04,0.155
2020-10-05,-0.218
2020-10-06,0.136
2020-10-07,-0.357
2020-10-08,0.232
2020-10-09,0.367
2020-10-10,-0.139
2020-10-11,-0.238
2020-10-12,-0.524
2020-10-13,0.005
2020-10-14,-0.083
2020-10-15,-0.354
2020-10-16,0.207
2020-10-17,-0.046
2020-10-18,-0.221
2020-10-19,-0.075
2020-10-20,0.38
2020-10-21,0.249
2020-10-22,0.044
2020-10-23,0.253
2020-10-24,-0.245
2020-10-25,0.089
2020-10-26,0.121
2020-10-27,-0.052
2020-10-28,0.202
2020-10-29,-0.139
2020-10-30,0.223
2020-10-31,0.235
2020-11-01,-0.737
2020-11-02,0.413
2020-11-03,-0.773
2020-11-04,-0.092
2020-11-05,0.367
2020-11-06,-0.009
2020-11-07,-0.331
2020-11-08,-0.226
2020-11-09,0.368
2020-11-10,-0.458
2020-11-11,0.396
2020-11-12,0.065
2020-11-13,-0.254
2020-11-14,-0.083
2020-11-15,-0.205
2020-11-16,0.323
2020-11-17,0.285
2020-11-18,-0.401
2020-11-19,-0.033
2020-11-20,-0.162
2020-11-21,0.442
2020-11-22,-0.298
2020-11-23,0.529
2020-11-24,0.071
2020-11-25,-0.245
2020-11-26,-0.11
2020-11-27,-0.144
2020-11-28,-0.277
2020-11-29,0.107
2020-11-30,-0.264
2020-12-01,-0.531
2020-12-02,-0.026
2020-12-03,-0.425
2020-12-04,-0.131
2020-12-05,-0.175
2020-12-06,-0.164
2020-12-07,0.64
2020-12-08,0.096
2020-12-09,0.149
2020-12-10,-0.417
2020-12-11,-0.103
2020-12-12,0.14
2020-12-13,-0.207
2020-12-14,0.334
2020-12-15,-0.257
2020-12-16,-0.0
2020-12-17,-0.084
2020-12-18,0.126
2020-12-19,-0.099
2020-12-20,0.004
2020-12-21,0.014
2020-12-22,-0.126
2020-12-23,0.216
2020-12-24,0.147
2020-12-25,0.055
2020-12-26,-0.041
2020-12-27,0.303
2020-12-28,0.014
2020-12-29,-0.006
2020-12-30,0.109
2020-12-31,0.555
2021-01-01,-0.295
2021-01-02,0.296
2021-01-03,-0.45
2021-01-04,0.141
2021-01-05,0.521
2021-01-06,0.217
2021-01-07,0.128
2021-01-08,-0.077
2021-01-09,0.089
2021-01-10,0.009
2021-01-11,-0.14
2021-01-12,-0.001
2021-01-13,0.136
2021-01-14,-0.135
2021-01-15,-0.146
2021-01-16,-0.301
2021-01-17,0.189
2021-01-18,0.233
2021-01-19,0.145
2021-01-20,0.35
2021-01-21,0.105
2021-01-22,0.19
2021-01-23,0.165
2021-01-24,0.054
2021-01-25,-0.069
2021-01-26,0.7
2021-01-27,-0.047
2021-01-28,-0.106
2021-01-29,0.202
2021-01-30,0.151
2021-01-31,-0.313
2021-02-01,0.394
2021-02-02,0.054
2021-02-03,-0.231
2021-02-04,0.413
2021-02-05,0.255
2021-02-06,-0.274
2021-02-07,0.578
2021-02-08,0.264
2021-02-09,0.077
2021-02-10,0.525
2021-02-11,0.125
2021-02-12,0.072
2021-02-13,-0.105
2021-02-14,0.243
2021-02-15,0.213
2021-02-16,0.084
2021-02-17,-0.141
2021-02-18,0.116
2021-02-19,0.06
2021-02-20,-0.293
2021-02-21,-0.332
2021-02-22,0.238
2021-02-23,-0.649
2021-02-24,0.138
2021-02-25,-0.054
2021-02-26,0.446
2021-02-27,-0.058
2021-02-28,0.265
2021-03-01,-0.031
2021-03-02,0.112
2021-03-03,0.286
2021-03-04,-0.05
2021-03-05,0.359
2021-03-06,-0.198
2021-03-07,0.162
2021-03-08,0.338
2021-03-09,0.265
2021-03-10,0.617
2021-03-11,-0.134
2021-03-12,-0.306
2021-03-13,-0.198
2021-03-14,0.265
2021-03-15,0.219
2021-03-16,0.109
2021-03-17,-0.234
2021-03-18,0.295
2021-03-19,-0.263
2021-03-20,0.405
2021-03-21,0.88
2021-03-22,0.183
2021-03-23,0.243
2021-03-24,-0.058
2021-03-25,-0.427
2021-03-26,-0.089
2021-03-27,-0.226
2021-03-28,-0.325
2021-03-29,0.562
2021-03-30,0.156
2021-03-31,0.186
2021-04-01,-0.007
2021-04-02,0.032
2021-04-03,0.35
2021-04-04,0.071
2021-04-05,0.229
2021-04-06,0.025
2021-04-07,-0.016
2021-04-08,-0.314
2021-04-09,-0.474
2021-04-10,0.007
2021-04-11,0.096
2021-04-12,-0.28
2021-04-13,0.07
2021-04-14,0.095
2021-04-15,-0.524
2021-04-16,-0.176
2021-04-17,0.194
2021-04-18,0.188
2021-04-19,-0.243
2021-04-20,0.124
2021-04-21,0.366
2021-04-22,0.298
2021-04-23,0.053
2021-04-24,-0.051
2021-04-25,-0.096
2021-04-26,0.211
2021-04-27,0.135
2021-04-28,0.256
2021-04-29,0.117
2021-04-30,0.309
2021-05-01,0.106
2021-05-02,0.3
2021-05-03,0.324
2021-05-04,-0.145
2021-05-05,-0.426
2021-05-06,0.512
2021-05-07,0.152
2021-05-08,-0.4
2021-05-09,-0.12
2021-05-10,0.296
2021-05-11,0.002
2021-05-12,-0.063
2021-05-13,0.472
2021-05-14,-0.213
2021-05-15,-0.143
2021-05-16,0.139
2021-05-17,0.189
2021-05-18,0.219
2021-05-19,0.335
2021-05-20,0.136
2021-05-21,0.217
2021-05-22,0.007
2021-05-23,0.098
2021-05-24,0.11
2021-05-25,0.14
2021-05-26,0.296
2021-05-27,0.235
2021-05-28,0.092
2021-05-29,-0.147
2021-05-30,0.099
2021-05-31,0.072
2021-06-01,0.134
2021-06-02,0.698
2021-06-03,-0.067
2021-06-04,0.198
2021-06-05,0.379
2021-06-06,0.107
2021-06-07,0.735
2021-06-08,-0.026
2021-06-09,0.171
2021-06-10,-0.144
2021-06-11,-0.018
2021-06-12,0.15
2021-06-13,0.317
2021-06-14,0.169
2021-06-15,0.433
2021-06-16,0.053
2021-06-17,-0.013
2021-06-18,0.837
2021-06-19,0.19
2021-06-20,-0.121
2021-06-21,-0.114
2021-06-22,-0.184
2021-06-23,0.342
2021-06-24,-0.022
2021-06-25,0.116
2021-06-26,0.062
2021-06-27,0.285
2021-06-28,-0.157
2021-06-29,-0.221
2021-06-30,0.143
2021-07-01,0.248
2021-07-02,0.173
2021-07-03,-0.147
2021-07-04,0.27
2021-07-05,-0.128
2021-07-06,-0.066
2021-07-07,-0.184
2021-07-08,0.444
2021-07-09,0.257
2021-07-10,0.249
2021-07-11,0.429
2021-07-12,0.868
2021-07-13,-0.399
2021-07-14,-0.127
2021-07-15,-0.093
2021-07-16,-0.158
2021-07-17,-0.222
2021-07-18,-0.004
2021-07-19,-0.261
2021-07-20,0.174
2021-07-21,0.094
2021-07-22,0.215
2021-07-23,0.222
2021-07-24,0.249
2021-07-25,-0.025
2021-07-26,0.674
2021-07-27,0.146
2021-07-28,-0.441
2021-07-29,-0.201
2021-07-30,-0.407
2021-07-31,0.085
2021-08-01,0.046
2021-08-02,-0.051
2021-08-03,0.643
2021-08-04,0.234
2021-08-05,0.283
2021-08-06,-0.181
2021-08-07,-0.2
2021-08-08,0.09
2021-08-09,0.128
2021-08-10,-0.44
2021-08-11,0.03
2021-08-12,0.084
2021-08-13,0.02
2021-08-14,-0.148
2021-08-15,-0.071
2021-08-16,0.03
2021-08-17,0.105
2021-08-18,0.249
2021-08-19,0.383
2021-08-20,-0.002
2021-08-21,-0.048
2021-08-22,0.203
2021-08-23,0.251
2021-08-24,-0.042
2021-08-25,0.301
2021-08-26,0.354
2021-08-27,0.442
2021-08-28,0.578
2021-08-29,-0.163
2021-08-30,0.084
2021-08-31,0.083
2021-09-01,0.053
2021-09-02,-0.102
2021-09-03,-0.336
2021-09-04,0.106
2021-09-05,-0.135
2021-09-06,0.104
2021-09-07,-0.142
2021-09-08,-0.228
2021-09-09,0.146
2021-09-10,0.122
2021-09-11,0.242
2021-09-12,0.692
2021-09-13,0.158
2021-09-14,0.216
2021-09-15,-0.222
2021-09-16,-0.28
2021-09-17,0.523
2021-09-18,-0.179
2021-09-19,-0.212
2021-09-20,0.069
2021-09-21,0.055
2021-09-22,-0.173
2021-09-23,-0.005
2021-09-24,0.424
2021-09-25,-0.146
2021-09-26,-0.31
2021-09-27,0.344
2021-09-28,0.218
2021-09-29,-0.094
2021-09-30,-0.363
2021-10-01,-0.128
2021-10-02,0.065
2021-10-03,0.406
2021-10-04,-0.21
2021-10-05,0.056
2021-10-06,0.269
2021-10-07,-0.587
2021-10-08,0.369
2021-10-09,-0.251
2021-10-10,0.173
2021-10-11,0.149
2021-10-12,0.384
2021-10-13,0.234
2021-10-14,-0.586
2021-10-15,-0.14
2021-10-16,0.119
2021-10-17,0.025
2021-10-18,0.214
2021-10-19,0.301
2021-10-20,0.25
2021-10-21,0.02
2021-10-22,-0.437
2021-10-23,-0.048
2021-10-24,0.197
2021-10-25,-0.225
2021-10-26,0.257
2021-10-27,0.334
2021-10-28,0.116
2021-10-29,-0.778
2021-10-30,-0.278
2021-10-31,0.608
2021-11-01,-0.073
2021-11-02,-0.476
2021-11-03,0.426
2021-11-04,0.084
2021-11-05,0.389
2021-11-06,0.158
2021-11-07,0.208
2021-11-08,0.182
2021-11-09,0.275
2021-11-10,0.718
2021-11-11,0.352
2021-11-12,-0.362
2021-11-13,0.205
2021-11-14,0.4
2021-11-15,0.417
2021-11-16,-0.039
2021-11-17,0.406
2021-11-18,0.34
2021-11-19,0.8
2021-11-20,-0.13
2021-11-21,-0.062
2021-11-22,-0.006
2021-11-23,-0.057
2021-11-24,-0.169
2021-11-25,-0.694
2021-11-26,-0.042
2021-11-27,0.183
2021-11-28,-0.058
2021-11-29,0.622
2021-11-30,0.084
2021-12-01,0.441
2021-12-02,0.153
2021-12-03,0.311
2021-12-04,0.158
2021-12-05,0.463
2021-12-06,0.096
2021-12-07,0.219
2021-12-08,0.183
2021-12-09,-0.001
2021-12-10,0.193
2021-12-11,0.706
2021-12-12,0.004
2021-12-13,0.197
2021-12-14,0.432
2021-12-15,0.399
2021-12-16,0.083
2021-12-17,-0.587
2021-12-18,0.225
2021-12-19,-0.541
2021-12-20,0.492
2021-12-21,0.127
2021-12-22,0.36
2021-12-23,-0.173
2021-12-24,-0.355
2021-12-25,0.153
2021-12-26,0.071
2021-12-27,-0.058
2021-12-28,0.104
2021-12-29,0.855
2021-12-30,0.314
2021-12-31,0.374
2022-01-01,0.316
2022-01-02,0.494
2022-01-03,0.027
2022-01-04,-0.495
2022-01-05,0.027
2022-01-06,0.307
2022-01-07,-0.192
2022-01-08,0.031
2022-01-09,-0.114
2022-01-10,0.501
2022-01-11,0.29
2022-01-12,0.262
2022-01-13,0.254
2022-01-14,0.07
2022-01-15,0.135
2022-01-16,-0.252
2022-01-17,-0.532
2022-01-18,0.122
2022-01-19,0.171
2022-01-20,0.419
2022-01-21,0.52
2022-01-22,0.52
2022-01-23,-0.199
2022-01-24,-0.019
2022-01-25,0.214
2022-01-26,0.789
2022-01-27,0.494
2022-01-28,0.393
2022-01-29,-0.029
2022-01-30,-0.167
2022-01-31,0.301
2022-02-01,-0.228
2022-02-02,0.013
2022-02-03,0.048
2022-02-04,0.526
2022-02-05,-0.019
2022-02-06,-0.603
2022-02-07,0.221
2022-02-08,-0.116
2022-02-09,0.092
2022-02-10,0.056
2022-02-11,0.003
2022-02-12,0.301
2022-02-13,-0.349
2022-02-14,-0.065
2022-02-15,0.272
2022-02-16,-0.092
2022-02-17,-0.37
2022-02-18,0.267
2022-02-19,0.394
2022-02-20,0.067
2022-02-21,-0.469
2022-02-22,0.278
2022-02-23,-0.385
2022-02-24,0.166
2022-02-25,-0.168
2022-02-26,-0.245
2022-02-27,-0.044
2022-02-28,0.029
2022-03-01,-0.1
2022-03-02,0.245
2022-03-03,-0.045
2022-03-04,0.354
2022-03-05,0.159
2022-03-06,-0.115
2022-03-07,-0.162
2022-03-08,-0.381
2022-03-09,0.161
2022-03-10,-0.019
2022-03-11,-0.584
2022-03-12,-0.07
2022-03-13,-0.172
2022-03-14,0.521
2022-03-15,-0.397
2022-03-16,-0.324
2022-03-17,0.391
2022-03-18,0.46
2022-03-19,-0.129
2022-03-20,-0.097
2022-03-21,0.253
2022-03-22,-0.572
2022-03-23,-0.441
2022-03-24,0.001
2022-03-25,0.514
2022-03-26,-0.042
2022-03-27,0.108
2022-03-28,0.397
2022-03-29,0.67
2022-03-30,-0.082
2022-03-31,0.075
2022-04-01,0.59
2022-04-02,-0.346
2022-04-03,0.368
2022-04-04,-0.205
2022-04-05,0.109
2022-04-06,0.012
2022-04-07,-0.188
2022-04-08,-0.195
2022-04-09,0.157
2022-04-10,0.359
2022-04-11,0.044
2022-04-12,0.1
2022-04-13,0.24
2022-04-14,-0.192
2022-04-15,0.287
2022-04-16,0.309
2022-04-17,0.809
2022-04-18,-0.025
2022-04-19,-0.048
2022-04-20,0.295
2022-04-21,0.309
2022-04-22,-0.07
2022-04-23,-0.033
2022-04-24,0.232
2022-04-25,-0.152
2022-04-26,-0.035
2022-04-27,0.105
2022-04-28,0.359
2022-04-29,-0.089
2022-04-30,-0.436
2022-05-01,-0.457
2022-05-02,-0.273
2022-05-03,-0.288
2022-05-04,0.037
2022-05-05,-0.253
2022-05-06,-0.117
2022-05-07,-0.137
2022-05-08,-0.043
2022-05-09,0.45
2022-05-10,0.265
2022-05-11,0.085
2022-05-12,-0.049
2022-05-13,-0.041
2022-05-14,0.172
2022-05-15,0.244
2022-05-16,-0.174
2022-05-17,0.09
2022-05-18,-0.489
2022-05-19,0.139
2022-05-20,0.293
2022-05-21,0.002
2022-05-22,0.589
2022-05-23,-0.167
2022-05-24,0.141
2022-05-25,0.07
2022-05-26,0.052
2022-05-27,0.048
2022-05-28,0.11
2022-05-29,0.317
2022-05-30,0.466
2022-05-31,0.079
2022-06-01,0.308
2022-06-02,-0.116
2022-06-03,0.294
2022-06-04,-0.133
2022-06-05,0.385
2022-06-06,0.699
2022-06-07,0.046
2022-06-08,-0.534
2022-06-09,-0.073
2022-06-10,0.425
2022-06-11,0.235
2022-06-12,0.15
2022-06-13,0.362
2022-06-14,0.216
2022-06-15,0.421
2022-06-16,0.337
2022-06-17,0.506
2022-06-18,0.18
2022-06-19,0.333
2022-06-20,-0.006
2022-06-21,-0.088
2022-06-22,0.558
2022-06-23,0.141
2022-06-24,0.305
2022-06-25,0.115
2022-06-26,-0.084
2022-06-27,0.083
2022-06-28,0.482
2022-06-29,0.235
2022-06-30,-0.399
2022-07-01,0.02
2022-07-02,0.579
2022-07-03,0.02
2022-07-04,-0.424
2022-07-05,0.61
2022-07-06,0.271
2022-07-07,0.06
2022-07-08,-0.024
2022-07-09,0.383
2022-07-10,-0.072
2022-07-11,0.402
2022-07-12,0.232
2022-07-13,0.149
2022-07-14,0.121
2022-07-15,0.031
2022-07-16,0.373
2022-07-17,-0.162
2022-07-18,-0.374
2022-07-19,0.252
2022-07-20,0.257
2022-07-21,0.214
2022-07-22,0.194
2022-07-23,-0.01
2022-07-24,0.3
2022-07-25,0.067
2022-07-26,-0.056
2022-07-27,-0.007
2022-07-28,0.646
2022-07-29,-0.406
2022-07-30,0.22
2022-07-31,-0.39
2022-08-01,0.05
2022-08-02,-0.041
2022-08-03,-0.504
2022-08-04,0.189
2022-08-05,-0.026
2022-08-06,-0.508
2022-08-07,0.315
2022-08-08,0.482
2022-08-09,0.497
2022-08-10,0.181
2022-08-11,0.093
2022-08-12,0.452
2022-08-13,0.551
2022-08-14,0.397
2022-08-15,-0.184
2022-08-16,0.136
2022-08-17,0.203
2022-08-18,-0.427
2022-08-19,0.211
2022-08-20,0.716
2022-08-21,0.259
2022-08-22,0.493
2022-08-23,0.131
2022-08-24,0.059
2022-08-25,0.187
2022-08-26,-0.148
2022-08-27,-0.19
2022-08-28,0.435
2022-08-29,0.464
2022-08-30,-0.198
2022-08-31,0.351
2022-09-01,0.056
2022-09-02,0.175
2022-09-03,0.209
2022-09-04,0.358
2022-09-05,0.103
2022-09-06,0.475
2022-09-07,0.167
2022-09-08,0.255
2022-09-09,-0.153
2022-09-10,0.684
2022-09-11,0.212
2022-09-12,0.28
2022-09-13,-0.37
2022-09-14,-0.15
2022-09-15,0.427
2022-09-16,0.16
2022-09-17,-0.456
2022-09-18,0.371
2022-09-19,-0.072
2022-09-20,0.475
2022-09-21,0.055
2022-09-22,0.137
2022-09-23,0.41
2022-09-24,-0.171
2022-09-25,-0.198
2022-09-26,0.025
2022-09-27,0.312
2022-09-28,-0.293
2022-09-29,-0.387
2022-09-30,0.311
2022-10-01,-0.089
2022-10-02,-0.03
2022-10-03,-0.44
2022-10-04,-0.11
2022-10-05,0.078
2022-10-06,0.341
2022-10-07,-0.136
2022-10-08,0.544
2022-10-09,-0.112
2022-10-10,-0.111
2022-10-11,0.51
2022-10-12,0.139
2022-10-13,-0.075
2022-10-14,0.037
2022-10-15,0.459
2022-10-16,0.491
2022-10-17,-0.149
2022-10-18,0.068
2022-10-19,0.105
2022-10-20,-0.196
2022-10-21,0.064
2022-10-22,0.081
2022-10-23,0.399
2022-10-24,0.418
2022-10-25,-0.012
2022-10-26,0.02
2022-10-27,0.266
2022-10-28,-0.084
2022-10-29,0.245
2022-10-30,0.055
2022-10-31,-0.191
2022-11-01,-0.188
2022-11-02,0.485
2022-11-03,0.036
2022-11-04,0.539
2022-11-05,-0.064
2022-11-06,0.162
2022-11-07,0.75
2022-11-08,-0.216
2022-11-09,-0.451
2022-11-10,0.44
2022-11-11,-0.152
2022-11-12,0.074
2022-11-13,-0.084
2022-11-14,0.155
2022-11-15,-0.186
2022-11-16,0.03
2022-11-17,0.206
2022-11-18,-0.202
2022-11-19,-0.116
2022-11-20,-0.017
2022-11-21,-0.32
2022-11-22,-0.038
2022-11-23,0.113
2022-11-24,-0.032
2022-11-25,0.004
2022-11-26,0.074
2022-11-27,-0.104
2022-11-28,0.273
2022-11-29,0.482
2022-11-30,-0.05
2022-12-01,0.216
2022-12-02,0.013
2022-12-03,0.182
2022-12-04,0.518
2022-12-05,0.222
2022-12-06,-0.417
2022-12-07,0.207
2022-12-08,0.425
2022-12-09,0.018
2022-12-10,0.359
2022-12-11,-0.113
2022-12-12,-0.336
2022-12-13,0.12
2022-12-14,-0.412
2022-12-15,0.013
2022-12-16,0.44
2022-12-17,-0.455
2022-12-18,-0.278
2022-12-19,-0.209
2022-12-20,0.062
2022-12-21,-0.022
2022-12-22,0.472
2022-12-23,0.347
2022-12-24,0.219
2022-12-25,0.121
2022-12-26,0.19
2022-12-27,-0.161
2022-12-28,0.32
2022-12-29,-0.231
2022-12-30,0.314
2022-12-31,0.412
2023-01-01,0.139
2023-01-02,0.031
2023-01-03,0.192
2023-01-04,-0.721
2023-01-05,0.165
2023-01-06,0.048
2023-01-07,0.066
2023-01-08,0.278
2023-01-09,0.059
2023-01-10,-0.239
2023-01-11,0.04
2023-01-12,0.099
2023-01-13,0.112
2023-01-14,0.125
2023-01-15,0.371
2023-01-16,-0.224
2023-01-17,0.129
2023-01-18,0.441
2023-01-19,-0.406
2023-01-20,0.13
2023-01-21,-0.084
2023-01-22,-0.024
2023-01-23,-0.173
2023-01-24,0.033
2023-01-25,0.596
2023-01-26,-0.274
2023-01-27,-0.247
2023-01-28,-0.285
2023-01-29,0.564
2023-01-30,-0.049
2023-01-31,0.073
2023-02-01,-0.033
2023-02-02,-0.184
2023-02-03,0.014
2023-02-04,0.768
2023-02-05,0.47
2023-02-06,-0.159
2023-02-07,0.261
2023-02-08,-0.153
2023-02-09,-0.417
2023-02-10,0.365
2023-02-11,0.405
2023-02-12,0.373
2023-02-13,-0.052
2023-02-14,0.033
2023-02-15,0.29
2023-02-16,0.19
2023-02-17,-0.03
2023-02-18,-0.373
2023-02-19,0.112
2023-02-20,0.382
2023-02-21,-0.255
2023-02-22,0.259
2023-02-23,0.173
2023-02-24,0.29
2023-02-25,0.324
2023-02-26,-0.114
2023-02-27,-0.373
2023-02-28,-0.069
2023-03-01,0.329
2023-03-02,-0.072
2023-03-03,-0.114
2023-03-04,-0.43
2023-03-05,0.571
2023-03-06,0.311
2023-03-07,0.296
2023-03-08,0.351
2023-03-09,0.241
2023-03-10,0.012
2023-03-11,0.034
2023-03-12,-0.04
2023-03-13,0.818
2023-03-14,0.236
2023-03-15,-0.05
2023-03-16,0.21
2023-03-17,-0.203
2023-03-18,0.501
2023-03-19,-0.105
2023-03-20,0.22
2023-03-21,0.378
2023-03-22,0.188
2023-03-23,0.106
2023-03-24,0.083
2023-03-25,0.064
2023-03-26,-0.081
2023-03-27,-0.046
2023-03-28,0.494
2023-03-29,0.05
2023-03-30,-0.14
2023-03-31,-0.065
2023-04-01,0.388
2023-04-02,0.269
2023-04-03,0.237
2023-04-04,0.008
2023-04-05,0.241
2023-04-06,-0.1
2023-04-07,0.007
2023-04-08,0.352
2023-04-09,0.325
2023-04-10,-0.195
2023-04-11,-0.16
2023-04-12,0.11
2023-04-13,0.563
2023-04-14,-0.456
2023-04-15,0.158
2023-04-16,-0.305
2023-04-17,-0.098
2023-04-18,-0.022
2023-04-19,-0.038
2023-04-20,-0.069
2023-04-21,0.082
2023-04-22,-0.07
2023-04-23,-0.329
2023-04-24,0.298
2023-04-25,0.291
2023-04-26,0.316
2023-04-27,-0.351
2023-04-28,0.164
2023-04-29,0.269
2023-04-30,-0.209
2023-05-01,0.083
2023-05-02,0.047
2023-05-03,0.596
2023-05-04,0.619
2023-05-05,-0.386
2023-05-06,0.778
2023-05-07,-0.176
2023-05-08,0.355
2023-05-09,0.352
2023-05-10,-0.199
2023-05-11,0.218
2023-05-12,0.05
2023-05-13,0.235
2023-05-14,0.145
2023-05-15,0.415
2023-05-16,0.101
2023-05-17,0.033
2023-05-18,0.387
2023-05-19,0.243
2023-05-20,0.285
2023-05-21,-0.106
2023-05-22,-0.213
2023-05-23,-0.079
2023-05-24,-0.094
2023-05-25,0.3
2023-05-26,0.353
2023-05-27,0.037
2023-05-28,0.481
2023-05-29,0.463
2023-05-30,0.148
2023-05-31,-0.15
2023-06-01,0.521
2023-06-02,0.063
2023-06-03,0.115
2023-06-04,-0.015
2023-06-05,-0.169
2023-06-06,-0.331
2023-06-07,0.257
2023-06-08,-0.139
2023-06-09,0.937
2023-06-10,-0.224
2023-06-11,-0.272
2023-06-12,0.223
2023-06-13,0.508
2023-06-14,0.098
2023-06-15,0.24
2023-06-16,-0.436
2023-06-17,-0.11
2023-06-18,-0.221
2023-06-19,-0.451
2023-06-20,0.113
2023-06-21,-0.548
2023-06-22,-0.29
2023-06-23,-0.07
2023-06-24,-0.153
2023-06-25,0.191
2023-06-26,0.166
2023-06-27,0.33
2023-06-28,0.291
2023-06-29,0.399
2023-06-30,0.079
2023-07-01,0.165
2023-07-02,0.223
2023-07-03,0.12
2023-07-04,-0.031
2023-07-05,-0.013
2023-07-06,-0.149
2023-07-07,0.198
2023-07-08,0.054
2023-07-09,-0.106
2023-07-10,-0.105
2023-07-11,-0.259
2023-07-12,0.354
2023-07-13,0.102
2023-07-14,-0.162
2023-07-15,0.306
2023-07-16,-0.077
2023-07-17,-0.314
2023-07-18,0.366
2023-07-19,-0.07
2023-07-20,-0.034
2023-07-21,0.092
2023-07-22,0.4
2023-07-23,0.086
2023-07-24,-0.256
2023-07-25,0.232
2023-07-26,-0.056
2023-07-27,0.609
2023-07-28,0.08
2023-07-29,-0.546
2023-07-30,0.18
2023-07-31,0.624
2023-08-01,0.521
2023-08-02,0.593
2023-08-03,-0.206
2023-08-04,0.335
2023-08-05,-0.122
2023-08-06,0.143
2023-08-07,-0.276
2023-08-08,-0.1
2023-08-09,-0.109
2023-08-10,0.332
2023-08-11,0.304
2023-08-12,0.158
2023-08-13,-0.298
2023-08-14,-0.007
2023-08-15,-0.129
2023-08-16,0.324
2023-08-17,0.41
2023-08-18,0.376
2023-08-19,-0.131
2023-08-20,-0.687
2023-08-21,-0.415
2023-08-22,0.478
2023-08-23,-0.032
2023-08-24,-0.13
2023-08-25,0.54
2023-08-26,0.434
2023-08-27,0.087
2023-08-28,-0.002
2023-08-29,0.043
2023-08-30,0.144
2023-08-31,0.528
2023-09-01,0.198
2023-09-02,0.283
2023-09-03,0.407
2023-09-04,-0.248
2023-09-05,0.291
2023-09-06,-0.002
2023-09-07,-0.625
2023-09-08,-0.516
2023-09-09,-0.205
2023-09-10,0.229
2023-09-11,0.112
2023-09-12,0.132
2023-09-13,0.626
2023-09-14,-0.275
2023-09-15,0.072
2023-09-16,0.165
2023-09-17,-0.126
2023-09-18,0.088
2023-09-19,-0.368
2023-09-20,0.475
2023-09-21,-0.111
2023-09-22,0.649
2023-09-23,0.071
2023-09-24,0.368
2023-09-25,0.065
2023-09-26,0.071
2023-09-27,-0.084
2023-09-28,0.113
2023-09-29,0.169
2023-09-30,-0.14
2023-10-01,0.045
2023-10-02,-0.091
2023-10-03,0.724
2023-10-04,0.055
2023-10-05,0.513
2023-10-06,0.025
2023-10-07,0.153
2023-10-08,-0.29
2023-10-09,-0.045
2023-10-10,0.139
2023-10-11,0.524
2023-10-12,0.142
2023-10-13,0.467
2023-10-14,0.259
2023-10-15,0.536
2023-10-16,0.063
2023-10-17,0.749
2023-10-18,-0.056
2023-10-19,-0.135
2023-10-20,-0.259
2023-10-21,0.733
2023-10-22,0.309
2023-10-23,-0.014
2023-10-24,0.43
2023-10-25,0.273
2023-10-26,0.631
2023-10-27,-0.353
2023-10-28,0.006
2023-10-29,-0.05
2023-10-30,-0.473
2023-10-31,0.377
2023-11-01,0.004
2023-11-02,0.287
2023-11-03,0.741
2023-11-04,-0.019
2023-11-05,-0.038
2023-11-06,0.113
2023-11-07,0.356
2023-11-08,-0.079
2023-11-09,-0.097
2023-11-10,0.376
2023-11-11,0.186
2023-11-12,-0.493
2023-11-13,-0.263
2023-11-14,0.5
2023-11-15,0.193
2023-11-16,-0.133
2023-11-17,0.032
2023-11-18,0.084
2023-11-19,0.286
2023-11-20,-0.3
2023-11-21,-0.155
2023-11-22,0.156
2023-11-23,0.052
2023-11-24,0.24
2023-11-25,-0.264
2023-11-26,0.18
2023-11-27,0.386
2023-11-28,0.216
2023-11-29,0.119
2023-11-30,0.053
2023-12-01,-0.154
2023-12-02,0.06
2023-12-03,0.433
2023-12-04,0.047
2023-12-05,-0.169
2023-12-06,-0.058
2023-12-07,0.136
2023-12-08,-0.025
2023-12-09,0.216
2023-12-10,0.226
2023-12-11,0.329
2023-12-12,0.479
2023-12-13,0.359
2023-12-14,-0.182
2023-12-15,-0.173
2023-12-16,0.059
2023-12-17,-0.046
2023-12-18,-0.239
2023-12-19,-0.044
2023-12-20,-0.053
2023-12-21,-0.108
2023-12-22,-0.008
2023-12-23,0.41
2023-12-24,0.136
2023-12-25,0.772
2023-12-26,0.128
2023-12-27,-0.001
2023-12-28,0.081
2023-12-29,0.152
2023-12-30,0.202
2023-12-31,0.661
2024-01-01,-0.157
2024-01-02,0.321
2024-01-03,0.138
2024-01-04,-0.36
2024-01-05,0.296
2024-01-06,0.435
2024-01-07,-0.16
2024-01-08,0.077
2024-01-09,-0.403
2024-01-10,-0.272
2024-01-11,0.373
2024-01-12,-0.051
2024-01-13,-0.23
2024-01-14,0.144
2024-01-15,-0.066
2024-01-16,-0.052
2024-01-17,0.287
2024-01-18,-0.245
2024-01-19,-0.174
2024-01-20,0.123
2024-01-21,0.351
2024-01-22,0.427
2024-01-23,-0.106
2024-01-24,0.342
2024-01-25,-0.14
2024-01-26,0.591
2024-01-27,-0.237
2024-01-28,0.452
2024-01-29,-0.104
2024-01-30,0.644
2024-01-31,0.246
2024-02-01,-0.204
2024-02-02,-0.066
2024-02-03,0.299
2024-02-04,0.375
2024-02-05,0.06
2024-02-06,0.093
2024-02-07,0.292
2024-02-08,0.117
2024-02-09,-0.282
2024-02-10,-0.148
2024-02-11,0.146
2024-02-12,0.42
2024-02-13,0.532
2024-02-14,0.298
2024-02-15,0.16
2024-02-16,0.29
2024-02-17,-0.107
2024-02-18,0.037
2024-02-19,-0.151
2024-02-20,-0.27
2024-02-21,0.173
2024-02-22,0.132
2024-02-23,0.273
2024-02-24,0.233
2024-02-25,0.148
2024-02-26,0.236
2024-02-27,0.068
2024-02-28,0.196
2024-02-29,-0.123
2024-03-01,0.184
2024-03-02,0.267
2024-03-03,-0.108
2024-03-04,0.095
2024-03-05,-0.095
2024-03-06,-0.067
2024-03-07,-0.235
2024-03-08,0.434
2024-03-09,0.378
2024-03-10,0.23
2024-03-11,0.632
2024-03-12,0.027
2024-03-13,0.929
2024-03-14,0.016
2024-03-15,0.151
2024-03-16,-0.031
2024-03-17,0.184
2024-03-18,0.314
2024-03-19,0.048
2024-03-20,0.577
2024-03-21,0.147
2024-03-22,0.156
2024-03-23,-0.175
2024-03-24,0.197
2024-03-25,0.042
2024-03-26,-0.09
2024-03-27,-0.137
2024-03-28,0.828
2024-03-29,0.006
2024-03-30,-0.328
2024-03-31,-0.116
2024-04-01,0.066
2024-04-02,0.233
2024-04-03,0.235
2024-04-04,0.269
2024-04-05,-0.101
2024-04-06,0.175
2024-04-07,-0.165
2024-04-08,-0.094
2024-04-09,-0.177
2024-04-10,-0.253
2024-04-11,0.378
2024-04-12,0.273
2024-04-13,0.353
2024-04-14,0.091
2024-04-15,0.298
2024-04-16,-0.413
2024-04-17,0.322
2024-04-18,0.13
2024-04-19,0.256
2024-04-20,0.186
2024-04-21,-0.196
2024-04-22,-0.339
2024-04-23,-0.119
2024-04-24,0.238
2024-04-25,0.273
2024-04-26,-0.303
2024-04-27,-0.195
2024-04-28,-0.123
2024-04-29,-0.02
2024-04-30,-0.301
2024-05-01,-0.318
2024-05-02,-0.15
2024-05-03,0.104
2024-05-04,-0.251
2024-05-05,0.048
2024-05-06,0.376
2024-05-07,-0.284
2024-05-08,0.022
2024-05-09,0.367
2024-05-10,-0.037
2024-05-11,-0.081
2024-05-12,0.406
2024-05-13,-0.006
2024-05-14,0.389
2024-05-15,0.2
2024-05-16,-0.016
2024-05-17,0.214
2024-05-18,0.17
2024-05-19,0.366
2024-05-20,-0.074
2024-05-21,0.092
2024-05-22,0.063
2024-05-23,0.277
2024-05-24,-0.207
2024-05-25,0.365
2024-05-26,0.211
2024-05-27,-0.289
2024-05-28,0.418
2024-05-29,0.706
2024-05-30,0.361
2024-05-31,0.48
2024-06-01,0.104
2024-06-02,-0.385
2024-06-03,-0.436
2024-06-04,0.151
2024-06-05,-0.086
2024-06-06,-0.176
2024-06-07,0.062
2024-06-08,0.252
2024-06-09,-0.327
2024-06-10,-0.046
2024-06-11,0.503
2024-06-12,-0.221
2024-06-13,0.324
2024-06-14,-0.056
2024-06-15,0.233
2024-06-16,0.387
2024-06-17,0.288
2024-06-18,0.335
2024-06-19,-0.242
2024-06-20,0.392
2024-06-21,-0.159
2024-06-22,0.153
2024-06-23,0.152
2024-06-24,0.216
2024-06-25,0.174
2024-06-26,-0.156
2024-06-27,-0.298
2024-06-28,0.324
2024-06-29,0.132
2024-06-30,0.402
2024-07-01,0.067
2024-07-02,-0.313
2024-07-03,0.351
2024-07-04,-0.024
2024-07-05,0.176
2024-07-06,-0.101
2024-07-07,0.54
2024-07-08,-0.165
2024-07-09,-0.014
2024-07-10,0.11
2024-07-11,-0.226
2024-07-12,0.173
2024-07-13,0.531
2024-07-14,-0.057
2024-07-15,0.191
2024-07-16,-0.69
2024-07-17,0.069
2024-07-18,-0.008
2024-07-19,-0.149
2024-07-20,0.383
2024-07-21,-0.011
2024-07-22,0.03
2024-07-23,-0.026
2024-07-24,-0.457
2024-07-25,-0.237
2024-07-26,0.349
2024-07-27,-0.511
2024-07-28,-0.135
2024-07-29,-0.032
2024-07-30,0.568
2024-07-31,0.295
2024-08-01,-0.076
2024-08-02,0.445
2024-08-03,-0.127
2024-08-04,0.363
2024-08-05,-0.3
2024-08-06,0.381
2024-08-07,-0.034
2024-08-08,-0.208
2024-08-09,0.019
2024-08-10,0.158
2024-08-11,-0.059
2024-08-12,0.235
2024-08-13,-0.083
2024-08-14,0.254
2024-08-15,0.204
2024-08-16,0.063
2024-08-17,-0.044
2024-08-18,0.122
2024-08-19,0.234
2024-08-20,0.657
2024-08-21,0.343
2024-08-22,0.353
2024-08-23,0.945
2024-08-24,0.224
2024-08-25,0.216
2024-08-26,0.277
2024-08-27,-0.203
2024-08-28,-0.044
2024-08-29,-0.062
2024-08-30,0.261
2024-08-31,0.031
2024-09-01,0.119
2024-09-02,0.384
2024-09-03,0.322
2024-09-04,0.035
2024-09-05,-0.108
2024-09-06,0.398
2024-09-07,0.297
2024-09-08,-0.37
2024-09-09,-0.008
2024-09-10,0.126
2024-09-11,0.298
2024-09-12,0.335
2024-09-13,0.159
2024-09-14,0.244
2024-09-15,0.098
2024-09-16,-0.109
2024-09-17,0.007
2024-09-18,0.085
2024-09-19,0.07
2024-09-20,-0.448
2024-09-21,-0.031
2024-09-22,0.096
2024-09-23,0.001
2024-09-24,0.011
2024-09-25,0.217
2024-09-26,-0.222
2024-09-27,-0.376
2024-09-28,-0.017
2024-09-29,0.294
2024-09-30,0.553
2024-10-01,0.299
2024-10-02,-0.331
2024-10-03,0.015
2024-10-04,0.152
2024-10-05,0.13
2024-10-06,0.231
2024-10-07,-0.177
2024-10-08,0.098
2024-10-09,0.198
2024-10-10,0.311
2024-10-11,-0.146
2024-10-12,-0.017
2024-10-13,-0.677
2024-10-14,-0.094
2024-10-15,-0.067
2024-10-16,-0.205
2024-10-17,0.126
2024-10-18,0.064
2024-10-19,-0.553
2024-10-20,0.14
2024-10-21,-0.18
2024-10-22,0.216
2024-10-23,-0.279
2024-10-24,0.088
2024-10-25,0.001
2024-10-26,0.165
2024-10-27,0.115
2024-10-28,0.009
2024-10-29,-0.35
2024-10-30,-0.334
2024-10-31,-0.083
2024-11-01,0.078
2024-11-02,-0.09
2024-11-03,0.255
2024-11-04,0.002
2024-11-05,-0.19
2024-11-06,0.002
2024-11-07,0.143
2024-11-08,0.171
2024-11-09,0.606
2024-11-10,-0.107
2024-11-11,0.059
2024-11-12,0.199
2024-11-13,0.073
2024-11-14,-0.06
2024-11-15,-0.354
2024-11-16,-0.063
2024-11-17,-0.221
2024-11-18,-0.403
2024-11-19,-0.143
2024-11-20,-0.213
2024-11-21,0.243
2024-11-22,0.248
2024-11-23,-0.173
2024-11-24,0.007
2024-11-25,-0.44
2024-11-26,-0.058
2024-11-27,0.192
2024-11-28,0.311
2024-11-29,-0.12
2024-11-30,0.375
2024-12-01,-0.344
2024-12-02,-0.269
2024-12-03,0.279
2024-12-04,0.548
2024-12-05,0.218
2024-12-06,0.069
2024-12-07,-0.535
2024-12-08,-0.486
2024-12-09,0.116
2024-12-10,-0.02
2024-12-11,-0.23
2024-12-12,0.098
2024-12-13,0.112
2024-12-14,0.344
2024-12-15,0.118
2024-12-16,0.424
2024-12-17,0.082
2024-12-18,0.048
2024-12-19,0.378
2024-12-20,-0.194
2024-12-21,0.868
2024-12-22,0.185
2024-12-23,0.187
2024-12-24,0.227
2024-12-25,0.606
2024-12-26,0.302
2024-12-27,-0.369
2024-12-28,0.473
2024-12-29,-0.015
2024-12-30,0.11
2024-12-31,-0.278
2025-01-01,0.227
2025-01-02,-0.102
2025-01-03,0.108
2025-01-04,0.0
2025-01-05,0.619
2025-01-06,0.635
2025-01-07,0.093
2025-01-08,0.098
2025-01-09,-0.025
2025-01-10,0.39
2025-01-11,-0.012
2025-01-12,-0.038
2025-01-13,0.354
2025-01-14,-0.071
2025-01-15,0.069
2025-01-16,-0.363
2025-01-17,0.277
2025-01-18,0.623
2025-01-19,0.282
2025-01-20,0.489
2025-01-21,-0.157
2025-01-22,0.146
2025-01-23,-0.184
2025-01-24,0.016
2025-01-25,0.296
2025-01-26,0.109
2025-01-27,-0.316
2025-01-28,-0.288
2025-01-29,-0.307
2025-01-30,0.218
2025-01-31,0.658
2025-02-01,0.461
2025-02-02,-0.451
2025-02-03,0.478
2025-02-04,0.342
2025-02-05,-0.353
2025-02-06,-0.005
2025-02-07,0.387
2025-02-08,0.234
2025-02-09,-0.287
2025-02-10,0.251
2025-02-11,-0.519
2025-02-12,0.018
2025-02-13,0.399
2025-02-14,0.085
2025-02-15,-0.06
2025-02-16,0.329
2025-02-17,0.353
2025-02-18,0.447
2025-02-19,0.325
2025-02-20,0.383
2025-02-21,0.285
2025-02-22,0.154
2025-02-23,0.105
2025-02-24,0.014
2025-02-25,-0.259
2025-02-26,-0.187
2025-02-27,0.001
2025-02-28,0.148
2025-03-01,0.483
2025-03-02,0.068
2025-03-03,0.361
2025-03-04,0.382
2025-03-05,0.015
2025-03-06,0.247
2025-03-07,0.012
2025-03-08,0.45
2025-03-09,0.258
2025-03-10,-0.253
2025-03-11,0.125
2025-03-12,0.541
2025-03-13,0.029
2025-03-14,0.205
2025-03-15,0.233
2025-03-16,-0.21
2025-03-17,0.223
2025-03-18,-0.31
2025-03-19,-0.095
2025-03-20,0.381
2025-03-21,0.18
2025-03-22,-0.005
2025-03-23,0.205
2025-03-24,0.063
2025-03-25,0.084
2025-03-26,0.264
2025-03-27,-0.124
2025-03-28,0.091
2025-03-29,-0.007
2025-03-30,-0.364
2025-03-31,-0.178
2025-04-01,0.519
2025-04-02,0.188
2025-04-03,-0.291
2025-04-04,-0.351
2025-04-05,0.049
2025-04-06,0.517
2025-04-07,0.028
2025-04-08,0.446
2025-04-09,0.179
2025-04-10,0.212
2025-04-11,-0.294
2025-04-12,0.343
2025-04-13,-0.014
2025-04-14,0.322
2025-04-15,-0.148
2025-04-16,0.13
2025-04-17,0.179
2025-04-18,0.037
2025-04-19,0.193
2025-04-20,0.005
2025-04-21,-0.102
2025-04-22,0.53
2025-04-23,0.374
2025-04-24,-0.133
2025-04-25,0.239
2025-04-26,-0.128
2025-04-27,-0.252
2025-04-28,0.369
2025-04-29,-0.397
2025-04-30,0.34
2025-05-01,0.009
2025-05-02,0.021
2025-05-03,0.195
2025-05-04,0.243
2025-05-05,-0.151
2025-05-06,0.281
2025-05-07,0.112
2025-05-08,-0.272
2025-05-09,0.032
2025-05-10,0.467
2025-05-11,0.549
2025-05-12,0.281
2025-05-13,-0.253
2025-05-14,0.217
2025-05-15,0.318
2025-05-16,0.283
2025-05-17,0.3
2025-05-18,0.182
2025-05-19,0.06
2025-05-20,-0.09
2025-05-21,-0.451
2025-05-22,0.175
2025-05-23,0.132
2025-05-24,0.236
2025-05-25,-0.295
2025-05-26,0.261
2025-05-27,0.655
2025-05-28,0.102
2025-05-29,0.063
2025-05-30,0.167
2025-05-31,0.649
2025-06-01,-0.207
2025-06-02,0.137
2025-06-03,-0.144
2025-06-04,-0.073
2025-06-05,0.066
2025-06-06,0.457
2025-06-07,0.584
2025-06-08,0.205
2025-06-09,-0.025
2025-06-10,0.778
2025-06-11,-0.04
2025-06-12,-0.08
2025-06-13,-0.417
2025-06-14,0.471
2025-06-15,0.351
2025-06-16,0.757
2025-06-17,-0.309
2025-06-18,0.488
2025-06-19,0.1
2025-06-20,0.306
2025-06-21,-0.381
2025-06-22,0.491
2025-06-23,0.3
2025-06-24,0.069
2025-06-25,0.261
2025-06-26,-0.134
2025-06-27,-0.082
2025-06-28,-0.05
2025-06-29,-0.439
2025-06-30,0.321
2025-07-01,0.414
2025-07-02,-0.116
2025-07-03,0.177
2025-07-04,0.006
2025-07-05,0.172
2025-07-06,-0.096
2025-07-07,-0.167
2025-07-08,0.375
2025-07-09,0.062
2025-07-10,0.646
2025-07-11,0.093
2025-07-12,-0.179
2025-07-13,0.424
2025-07-14,0.257
2025-07-15,0.284
2025-07-16,0.413
2025-07-17,-0.103
2025-07-18,0.044
2025-07-19,0.032
2025-07-20,-0.281
2025-07-21,0.006
2025-07-22,0.454
2025-07-23,0.146
2025-07-24,-0.297
2025-07-25,-0.356
2025-07-26,0.546
2025-07-27,0.055
2025-07-28,-0.101
2025-07-29,0.003
2025-07-30,-0.334
2025-07-31,0.478
2025-08-01,-0.03
2025-08-02,0.463
2025-08-03,0.094
2025-08-04,0.48
2025-08-05,0.152
2025-08-06,0.319
2025-08-07,0.281
2025-08-08,0.255
2025-08-09,0.177
2025-08-10,0.015
2025-08-11,0.616
2025-08-12,-0.174
2025-08-13,0.081
2025-08-14,0.084
2025-08-15,0.193
2025-08-16,-0.04
2025-08-17,0.168
2025-08-18,0.033
2025-08-19,-0.363
2025-08-20,0.083
2025-08-21,-0.228
2025-08-22,-0.406
2025-08-23,0.118
2025-08-24,0.217
2025-08-25,0.227
2025-08-26,0.239
2025-08-27,-0.461
2025-08-28,-0.301
2025-08-29,0.633
2025-08-30,-0.213
2025-08-31,0.251
2025-09-01,-0.112
2025-09-02,0.102
2025-09-03,-0.097
2025-09-04,0.237
2025-09-05,0.118
2025-09-06,-0.046
2025-09-07,-0.214
2025-09-08,0.155
2025-09-09,-0.26
2025-09-10,0.2
2025-09-11,0.815
2025-09-12,0.458
2025-09-13,0.281
2025-09-14,0.056
2025-09-15,-0.463
2025-09-16,-0.29
2025-09-17,0.439
2025-09-18,-0.141
2025-09-19,-0.116
2025-09-20,0.034
2025-09-21,-0.217
2025-09-22,-0.263
2025-09-23,0.066
2025-09-24,-0.17
2025-09-25,-0.127
2025-09-26,-0.139
2025-09-27,0.226
2025-09-28,0.015
2025-09-29,0.03
2025-09-30,0.247
2025-10-01,0.04
2025-10-02,0.002
2025-10-03,0.212
2025-10-04,0.267
2025-10-05,0.039
2025-10-06,0.103
2025-10-07,-0.139
2025-10-08,-0.161
2025-10-09,0.295
2025-10-10,0.205
2025-10-11,0.207
2025-10-12,0.159
2025-10-13,0.093
2025-10-14,0.275
2025-10-15,0.342
2025-10-16,0.335
2025-10-17,0.052
2025-10-18,0.468
2025-10-19,0.144
2025-10-20,0.257
2025-10-21,0.159
2025-10-22,0.149
2025-10-23,-0.126
2025-10-24,0.276
2025-10-25,0.877
2025-10-26,-0.025
2025-10-27,0.1
2025-10-28,-0.045
2025-10-29,-0.057
2025-10-30,0.512
2025-10-31,-0.108
2025-11-01,-0.053
2025-11-02,-0.364
2025-11-03,-0.132
2025-11-04,-0.398
2025-11-05,0.257
2025-11-06,0.864
2025-11-07,-0.023
2025-11-08,-0.387
2025-11-09,0.332
2025-11-10,-0.124
2025-11-11,0.444
2025-11-12,0.001
2025-11-13,-0.097
2025-11-14,0.03
2025-11-15,0.292
2025-11-16,0.016
2025-11-17,-0.059
2025-11-18,0.024
2025-11-19,-0.276
2025-11-20,0.191
2025-11-21,-0.42
2025-11-22,-0.044
2025-11-23,0.293
2025-11-24,0.165
2025-11-25,0.245
2025-11-26,0.062
2025-11-27,0.408
2025-11-28,0.339
2025-11-29,0.205
2025-11-30,0.34
2025-12-01,0.29
2025-12-02,-0.043
2025-12-03,-0.296
2025-12-04,0.198
2025-12-05,0.233
2025-12-06,0.385
2025-12-07,-0.182
2025-12-08,-0.174
2025-12-09,0.209
2025-12-10,0.06
2025-12-11,-0.448
2025-12-12,0.185
2025-12-13,-0.439
2025-12-14,-0.185
2025-12-15,0.458
2025-12-16,0.591
2025-12-17,-0.26
2025-12-18,-0.012
2025-12-19,0.092
2025-12-20,0.579
2025-12-21,-0.058
2025-12-22,-0.054
2025-12-23,0.514
2025-12-24,-0.025
2025-12-25,0.282
2025-12-26,-0.334
2025-12-27,0.032
2025-12-28,-0.385
2025-12-29,-0.216
2025-12-30,0.315
2025-12-31,0.066
2026-01-01,-0.009
2026-01-02,-0.13
2026-01-03,0.018
2026-01-04,0.164
2026-01-05,0.355
2026-01-06,-0.655
2026-01-07,-0.153
2026-01-08,0.125
2026-01-09,0.052
2026-01-10,0.193
2026-01-11,0.155
2026-01-12,-0.005
2026-01-13,-0.068
2026-01-14,0.011
2026-01-15,0.402
2026-01-16,-0.125
2026-01-17,0.062
2026-01-18,0.131
2026-01-19,0.517
2026-01-20,-0.004
2026-01-21,0.348
2026-01-22,0.425
2026-01-23,0.062
2026-01-24,0.021
2026-01-25,-0.012
2026-01-26,0.008
2026-01-27,0.319
2026-01-28,0.145
2026-01-29,0.146
2026-01-30,-0.235
2026-01-31,-0.191
2026-02-01,0.68
2026-02-02,0.03
2026-02-03,-0.137
2026-02-04,0.481
2026-02-05,0.159
2026-02-06,0.242
2026-02-07,0.041
2026-02-08,-0.009
2026-02-09,0.033
2026-02-10,-0.307
2026-02-11,0.055
2026-02-12,0.163
2026-02-13,0.598
2026-02-14,0.104
2026-02-15,-0.574
2026-02-16,0.054
2026-02-17,0.847
2026-02-18,0.323
2026-02-19,-0.147
2026-02-20,0.246
2026-02-21,-0.128
2026-02-22,-0.299
2026-02-23,-0.018
2026-02-24,0.106
2026-02-25,-0.444
2026-02-26,-0.242
2026-02-27,0.083
2026-02-28,-0.034
2026-03-01,0.191
2026-03-02,-0.26
2026-03-03,0.28
2026-03-04,-0.251
2026-03-05,0.54
2026-03-06,-0.4
2026-03-07,-0.226
2026-03-08,0.197
2026-03-09,0.546
2026-03-10,0.168
2026-03-11,0.238
2026-03-12,0.085
2026-03-13,-0.207
2026-03-14,-0.057
2026-03-15,-0.259
2026-03-16,-0.278
2026-03-17,0.192
2026-03-18,-0.234
2026-03-19,0.169
2026-03-20,-0.285
2026-03-21,0.163
2026-03-22,-0.057
2026-03-23,0.474
2026-03-24,0.171
2026-03-25,0.426
2026-03-26,-0.132
2026-03-27,0.096
2026-03-28,-0.195
2026-03-29,-0.036
2026-03-30,0.007
2026-03-31,-0.123
2026-04-01,-0.26
2026-04-02,-0.316
2026-04-03,-0.575
2026-04-04,-0.216
2026-04-05,0.256
2026-04-06,-0.368
2026-04-07,-0.303
2026-04-08,0.581
2026-04-09,-0.098
2026-04-10,0.17
2026-04-11,0.26
2026-04-12,0.266
2026-04-13,-0.346
2026-04-14,0.015
2026-04-15,-0.373
2026-04-16,0.765
2026-04-17,-0.367
2026-04-18,-0.213
2026-04-19,-0.211
2026-04-20,-0.339
2026-04-21,0.459
2026-04-22,0.758
2026-04-23,-0.053
2026-04-24,-0.29
2026-04-25,-0.546
2026-04-26,0.012
2026-04-27,-0.009
2026-04-28,-0.102
2026-04-29,0.142
2026-04-30,0.191
2026-05-01,0.17
2026-05-02,-0.009
2026-05-03,-0.228
2026-05-04,0.266
2026-05-05,0.084
2026-05-06,0.329
2026-05-07,0.301
2026-05-08,-0.318
2026-05-09,-0.322
2026-05-10,-0.132
2026-05-11,-0.216
2026-05-12,0.291
2026-05-13,0.178
2026-05-14,0.388
2026-05-15,0.191
2026-05-16,0.138
2026-05-17,0.416
2026-05-18,0.212
2026-05-19,0.099
2026-05-20,0.495
2026-05-21,0.112
2026-05-22,-0.005
2026-05-23,-0.155
2026-05-24,0.277
2026-05-25,0.426
2026-05-26,0.066
2026-05-27,0.446
2026-05-28,-0.472
2026-05-29,0.064
2026-05-30,0.069
2026-05-31,-0.124
2026-06-01,0.747
2026-06-02,0.061
2026-06-03,-0.034
2026-06-04,0.087
2026-06-05,-0.481
2026-06-06,-0.133
2026-06-07,0.355
2026-06-08,-0.096
2026-06-09,-0.152
2026-06-10,0.447
2026-06-11,0.455
2026-06-12,0.225
2026-06-13,-0.047
2026-06-14,0.013
2026-06-15,-0.145
2026-06-16,-0.199
2026-06-17,-0.212
2026-06-18,-0.093
2026-06-19,-0.21
2026-06-20,-0.358
2026-06-21,0.141
2026-06-22,0.146
2026-06-23,0.556
2026-06-24,-0.107
2026-06-25,0.163
2026-06-26,0.168
